person_id_random,paidOff,paidOffDuring30,hasDualSim,hasWlan,hasBluetooth,android_version,gender,fb_friend_count,current_home_years,living_situation,current_job_years,education,outstanding_loan,use_mobile_wallet_how_often,relationship_status,Age,job_status,annual_wages
7346661357,0,1,0.0,1.0,1.0,4.0,0,1961.0,5.0,0,6.0,2,0,2,0,25.0,1,462000.0
9468184407,1,0,0.0,0.0,1.0,4.0,0,194.0,5.0,0,0.0,2,0,2,1,35.0,0,352000.0
2990883566,0,1,0.0,1.0,1.0,4.0,1,445.0,4.0,0,6.0,0,0,1,0,29.0,1,660000.0
2320175519,1,0,0.0,1.0,1.0,4.0,0,107.0,3.0,0,0.0,1,0,2,1,46.0,0,284415.299555
5330295937,1,0,0.0,1.0,0.0,2.0,0,214.0,5.0,0,4.0,0,0,2,0,33.0,1,284415.299555
7629417453,0,1,0.0,1.0,1.0,4.0,1,104.0,5.0,0,3.0,2,1,2,1,37.0,1,308000.0
5594363895,0,0,0.0,1.0,1.0,4.0,0,531.0,0.0,0,2.0,2,0,1,2,24.0,1,363000.0
5935455253,1,0,0.0,1.0,0.0,2.0,0,1008.0,5.0,0,6.0,2,0,1,0,31.0,1,682000.0
5254531566,1,0,0.0,1.0,1.0,4.0,0,2748.0,5.0,0,6.0,2,0,2,1,34.0,1,517000.0
8230219163,1,0,0.0,1.0,1.0,4.0,1,63.0,2.0,0,3.0,1,1,1,1,33.0,1,96000.0
3152634654,1,0,0.0,0.0,1.0,4.0,0,26.0,2.0,1,6.0,2,0,2,1,40.0,1,440000.0
7598871262,1,0,0.0,1.0,1.0,4.0,1,1170.0,3.0,0,0.0,2,1,1,0,27.0,0,88000.0
5781556178,1,0,0.0,0.0,1.0,4.0,0,786.687690743,5.0,0,6.0,2,1,2,1,36.0,1,330000.0
8834809018,0,1,0.0,1.0,1.0,4.0,1,2662.0,4.0,0,3.0,2,0,0,1,24.0,1,284415.299555
7442299181,1,0,1.0,1.0,1.0,4.0,0,791.0,2.0,1,0.0,1,1,2,1,35.0,0,495000.0
7076340710,1,1,0.0,1.0,1.0,4.0,1,497.0,5.0,0,3.0,1,0,1,0,26.0,1,132000.0
5843534196,1,0,0.0,0.0,1.0,4.0,0,686.0,5.0,0,5.0,2,1,2,2,33.0,1,803000.0
5563120467,0,1,0.0,0.0,0.0,0.0,0,234.0,4.0,0,4.0,0,0,2,0,34.0,1,240000.0
3225694348,1,0,0.0,0.0,0.0,2.0,0,145.0,3.0,1,3.0,0,0,2,0,27.0,1,240000.0
1389690912,1,0,0.0,1.0,0.0,4.0,0,580.0,5.0,0,5.0,2,0,1,1,28.0,1,33000.0
9148351638,0,1,0.0,1.0,1.0,4.0,1,105.0,2.0,0,0.0,2,0,2,1,29.0,0,165000.0
1784191842,1,1,0.0,1.0,1.0,4.0,0,440.0,2.0,0,2.0,2,0,1,1,27.0,1,165000.0
4239791639,1,0,0.0,0.0,0.0,2.0,1,65.0,4.0,0,4.0,0,0,1,0,31.5720207254,1,88000.0
8634554863,1,0,1.0,1.0,1.0,4.0,0,126.0,5.0,0,0.0,2,0,2,0,33.0,0,284415.299555
7228483529,1,0,1.0,0.0,1.0,4.0,1,163.0,0.0,0,0.0,2,1,1,1,34.0,0,284415.299555
1660359942,1,0,0.0,0.0,0.0,4.0,0,577.0,2.0,0,5.0,1,0,1,1,33.0,1,284415.299555
4850039402,1,0,0.0,1.0,1.0,4.0,1,418.0,4.0,0,0.0,0,1,0,0,39.0,0,88000.0
3418297468,0,1,0.0,1.0,1.0,4.0,0,1581.0,4.0,0,6.0,1,1,2,1,32.0,1,220000.0
2174427212,1,0,0.0,1.0,1.0,4.0,0,2683.0,3.0,1,5.0,2,0,1,1,31.0,1,825000.0
2562664921,1,0,1.0,1.0,1.0,4.0,0,40.0,4.0,0,4.0,2,0,1,0,37.0,1,330000.0
7064844459,1,0,1.0,1.0,1.0,4.0,0,177.0,1.0,0,0.0,2,0,1,0,28.0,0,165000.0
1112017768,0,1,0.0,1.0,1.0,4.0,0,512.0,2.0,0,3.0,3,0,1,2,29.0,1,660000.0
3079511469,0,1,0.0,0.0,0.0,2.0,0,336.0,3.0,0,3.0,2,0,1,0,26.0,1,440000.0
5781022158,0,1,0.0,1.0,1.0,4.0,0,545.0,3.0,1,3.0,0,0,2,0,21.0,1,144000.0
1853627736,1,0,0.0,1.0,1.0,4.0,0,479.0,5.0,0,0.0,0,1,2,1,41.0,0,120000.0
8401108350,0,0,0.0,1.0,1.0,4.0,0,554.0,2.0,0,0.0,2,0,1,0,23.0,0,55000.0
7035285544,1,0,0.0,1.0,1.0,4.0,1,96.0,5.0,0,5.0,2,0,1,1,39.0,1,385000.0
2893571939,1,0,0.0,0.0,1.0,4.0,0,1215.0,2.0,0,0.0,1,1,2,1,40.0,0,330000.0
7371265289,1,0,1.0,1.0,1.0,4.0,0,385.0,5.0,1,3.0,2,0,1,1,26.0,1,352000.0
1775406254,0,1,0.0,0.0,0.0,4.0,1,179.0,5.0,0,3.0,0,0,1,0,22.0,1,96000.0
4509848841,1,0,1.0,0.0,1.0,4.0,0,1929.0,3.0,0,5.0,2,0,2,0,27.0,1,110000.0
9013261149,1,0,0.0,1.0,1.0,4.0,1,1950.0,1.0,0,3.0,2,0,2,0,30.0,1,880000.0
9500422035,1,0,0.0,1.0,1.0,4.0,0,1560.0,2.0,1,4.0,3,0,2,1,35.0,1,284415.299555
8710405577,0,1,0.0,1.0,1.0,4.0,1,954.0,0.0,0,3.0,2,0,1,2,26.0,1,330000.0
3988203332,1,0,0.0,1.0,1.0,5.0,0,339.0,5.0,1,0.0,2,1,2,1,44.0,0,286000.0
8387614970,1,0,1.0,1.0,1.0,4.0,0,766.0,5.0,0,6.0,2,1,1,1,31.0,1,385000.0
6526183719,0,1,0.0,1.0,0.0,2.0,0,786.687690743,3.24217961655,0,0.0,0,0,0,0,82.0,0,284415.299555
5331332312,1,0,0.0,0.0,0.0,2.0,0,773.0,3.24217961655,0,0.0,0,0,0,0,27.0,0,284415.299555
8540590529,1,0,1.0,1.0,1.0,4.0,0,76.0,5.0,0,0.0,0,0,2,0,22.0,0,48000.0
3540597152,0,1,0.0,1.0,1.0,4.0,1,56.0,5.0,0,3.0,1,1,1,1,26.0,1,473000.0
6620932848,0,1,0.0,1.0,0.0,2.0,0,321.0,2.0,0,2.0,0,0,1,0,19.0,1,209000.0
1795159548,0,1,0.0,1.0,1.0,4.0,1,2170.0,1.0,0,0.0,2,0,1,1,23.0,0,284415.299555
6872355869,1,0,0.0,1.0,1.0,4.0,0,499.0,4.0,0,6.0,2,0,2,1,31.0,1,591800.0
4756053552,1,0,1.0,1.0,1.0,4.0,0,622.0,5.0,0,6.0,2,1,2,1,24.0,1,284415.299555
2372935146,1,0,0.0,1.0,1.0,4.0,0,342.0,5.0,0,6.0,2,0,1,1,31.0,1,330000.0
2287514871,1,0,0.0,0.0,0.0,0.0,0,1168.0,2.0,0,0.0,0,0,2,0,31.5720207254,0,330000.0
2358807840,0,1,1.0,1.0,1.0,4.0,0,984.0,0.0,0,6.0,0,0,2,0,37.0,1,284415.299555
7318322753,0,1,0.0,1.0,1.0,4.0,0,719.0,5.0,0,5.0,1,1,1,2,31.5720207254,1,132000.0
6562772473,0,1,0.0,0.0,1.0,4.0,1,289.0,4.0,0,0.0,1,0,1,1,30.0,0,120000.0
8017301815,1,0,0.0,1.0,1.0,4.0,1,82.0,5.0,0,0.0,2,0,0,0,26.0,0,55000.0
6540024121,1,0,0.0,1.0,1.0,4.0,1,776.0,1.0,0,6.0,2,1,1,0,34.0,1,792000.0
1463175554,1,0,0.0,1.0,1.0,4.0,1,57.0,4.0,0,3.0,2,0,2,1,26.0,1,605000.0
9443631847,1,0,0.0,0.0,1.0,4.0,0,2477.0,5.0,0,6.0,1,0,2,1,38.0,1,240000.0
8392403933,1,0,0.0,1.0,0.0,2.0,0,647.0,3.0,0,4.0,0,0,1,0,27.0,1,93500.0
3686319819,1,0,0.0,1.0,1.0,4.0,1,292.0,4.0,0,4.0,2,0,2,0,57.0,1,363000.0
3818103704,1,0,0.0,1.0,1.0,4.0,0,136.0,5.0,0,5.0,2,1,1,1,32.0,1,275000.0
5804388965,1,0,0.0,0.0,1.0,4.0,0,379.0,5.0,1,6.0,2,1,2,3,44.0,1,385000.0
5815782196,0,1,1.0,0.0,0.0,4.0,0,658.0,0.0,0,0.0,0,0,0,0,31.5720207254,0,110000.0
1288086652,1,0,0.0,1.0,1.0,4.0,0,339.0,5.0,0,6.0,1,0,2,1,29.0,1,440000.0
5048210603,0,1,0.0,1.0,1.0,4.0,0,304.0,5.0,0,6.0,1,0,1,0,43.0,1,203500.0
4792563816,1,0,0.0,1.0,1.0,4.0,1,160.0,5.0,0,6.0,2,0,2,2,44.0,1,220000.0
6374813065,1,0,0.0,1.0,1.0,4.0,0,2051.0,5.0,0,0.0,1,1,2,0,30.0,0,275000.0
6687103750,1,0,1.0,1.0,1.0,4.0,1,829.0,3.0,0,4.0,0,1,1,0,29.0,1,330000.0
6491386882,1,0,1.0,0.0,1.0,4.0,0,385.0,2.0,0,0.0,2,0,1,1,43.0,0,240000.0
9973267281,1,0,0.0,1.0,1.0,4.0,0,61.0,4.0,1,5.0,2,0,2,1,37.0,1,550000.0
4042825054,1,0,0.0,1.0,1.0,4.0,1,105.0,2.0,0,1.0,2,0,0,0,31.0,1,440000.0
6917193248,1,0,0.0,1.0,1.0,4.0,1,305.0,5.0,0,6.0,2,0,1,0,44.0,1,440000.0
3752805269,1,0,0.0,1.0,1.0,4.0,1,4705.0,5.0,0,6.0,2,1,2,1,39.0,1,231000.0
5903857819,0,1,1.0,1.0,1.0,4.0,0,384.0,5.0,0,1.0,0,0,1,0,30.0,1,242000.0
5570008040,1,0,0.0,1.0,1.0,4.0,1,71.0,1.0,0,3.0,2,0,2,1,30.0,1,440000.0
2612671805,0,1,0.0,0.0,0.0,2.0,0,1240.0,1.0,0,0.0,0,1,2,0,20.0,0,27500.0
4746602099,1,0,0.0,1.0,1.0,4.0,0,1024.0,3.0,0,0.0,1,1,1,0,23.0,0,284415.299555
1733220813,1,0,0.0,1.0,1.0,4.0,0,346.0,1.0,0,0.0,1,0,2,1,31.0,0,144000.0
5377931105,1,0,0.0,1.0,1.0,2.0,0,971.0,2.0,0,2.0,0,1,2,0,22.0,1,240000.0
5826558835,1,0,0.0,1.0,1.0,4.0,1,306.0,0.0,1,6.0,0,1,1,0,24.0,1,110000.0
6177775040,0,1,1.0,1.0,1.0,4.0,0,95.0,5.0,0,3.0,1,0,1,0,31.0,1,132000.0
7419788148,0,1,0.0,0.0,0.0,2.0,0,1000.0,2.0,0,3.0,0,0,2,0,31.5720207254,1,275000.0
3764746080,1,0,1.0,1.0,1.0,4.0,1,478.0,2.0,0,2.0,0,0,1,0,31.5720207254,1,72000.0
2436738636,0,1,0.0,1.0,1.0,4.0,0,400.0,4.0,0,6.0,1,1,0,1,31.0,1,330000.0
1616151767,0,1,0.0,1.0,1.0,4.0,0,333.0,2.0,0,4.0,2,0,1,2,29.0,1,132000.0
5449485614,1,0,0.0,1.0,1.0,4.0,0,525.0,2.0,0,4.0,2,0,1,0,28.0,1,286000.0
7472748908,1,0,0.0,1.0,1.0,4.0,0,81.0,5.0,0,5.0,1,1,1,1,28.0,1,220000.0
3785558347,1,0,0.0,1.0,1.0,4.0,0,454.0,2.0,0,2.0,2,0,1,1,32.0,1,231000.0
9677770426,1,0,1.0,1.0,1.0,4.0,0,1289.0,0.0,0,0.0,2,0,0,0,27.0,0,284415.299555
3483024126,1,0,0.0,0.0,1.0,4.0,0,1798.0,0.0,0,0.0,1,0,1,0,19.0,0,72000.0
1743432522,1,0,0.0,1.0,1.0,4.0,0,610.0,2.0,0,4.0,2,0,2,1,33.0,1,495000.0
5898120995,1,0,0.0,1.0,1.0,4.0,0,215.0,5.0,0,6.0,1,1,1,1,26.0,1,132000.0
5120292396,0,1,0.0,1.0,0.0,2.0,0,209.0,0.0,0,0.0,0,0,1,0,19.0,0,22000.0
9808214543,0,1,0.0,1.0,1.0,4.0,1,429.0,0.0,0,0.0,2,0,2,3,34.0,0,284415.299555
2571797067,1,0,1.0,0.0,1.0,4.0,1,824.0,2.0,0,1.0,2,0,1,2,28.0,1,84000.0
4342241928,0,1,0.0,0.0,0.0,0.0,0,142.0,2.0,0,0.0,0,0,1,0,52.0,0,220000.0
5574393088,1,0,0.0,0.0,0.0,4.0,1,828.0,2.0,0,0.0,2,1,2,0,29.0,0,216000.0
9045211188,1,0,0.0,1.0,0.0,4.0,1,213.0,5.0,0,6.0,2,1,1,1,29.0,1,220000.0
9255169851,1,0,1.0,1.0,1.0,4.0,0,364.0,5.0,0,1.0,2,0,1,1,25.0,1,220000.0
7930805770,0,1,0.0,1.0,1.0,4.0,0,866.0,4.0,1,3.0,0,0,2,0,20.0,1,105600.0
8714622022,1,0,0.0,0.0,1.0,4.0,1,647.0,5.0,0,6.0,2,1,1,1,34.0,1,165000.0
3744930975,0,1,0.0,1.0,1.0,4.0,1,137.0,2.0,0,4.0,0,1,2,0,27.0,1,96000.0
8450552497,1,0,1.0,1.0,0.0,4.0,1,112.0,1.0,0,3.0,2,0,0,0,31.0,1,132000.0
3054378668,1,0,0.0,1.0,1.0,4.0,0,1231.0,5.0,1,0.0,2,1,1,0,26.0,0,220000.0
6507014956,1,0,0.0,1.0,1.0,4.0,0,429.0,3.0,1,1.0,1,0,0,0,29.0,1,48000.0
6055146943,0,1,0.0,1.0,1.0,4.0,0,4992.0,1.0,0,2.0,2,0,1,0,29.0,1,121000.0
1978413484,1,0,0.0,1.0,1.0,4.0,1,161.0,5.0,0,5.0,0,0,1,0,28.0,1,153600.0
7258285849,1,0,0.0,1.0,1.0,4.0,0,413.0,1.0,1,5.0,0,0,1,0,24.0,1,168000.0
1998097878,1,0,1.0,0.0,1.0,4.0,0,960.0,5.0,0,3.0,2,1,2,1,31.0,1,220000.0
6768500803,1,0,0.0,1.0,0.0,4.0,0,540.0,4.0,0,0.0,2,0,1,0,23.0,0,284415.299555
1921206894,1,0,0.0,1.0,1.0,4.0,0,510.0,3.0,0,2.0,1,1,1,1,41.0,1,198000.0
2669649960,0,1,0.0,0.0,0.0,0.0,0,33.0,3.0,0,5.0,0,0,2,0,32.0,1,960000.0
8155541862,1,0,0.0,1.0,1.0,4.0,1,181.0,5.0,0,0.0,2,0,2,1,32.0,0,550000.0
3080908054,1,0,1.0,0.0,1.0,4.0,1,359.0,5.0,0,0.0,1,1,2,0,33.0,0,330000.0
9367555536,0,1,0.0,0.0,1.0,4.0,0,122.0,5.0,1,1.0,2,0,1,1,35.0,1,110000.0
9984848342,1,0,0.0,1.0,1.0,4.0,0,231.0,5.0,0,0.0,2,0,1,1,45.0,0,240000.0
8993973315,1,0,0.0,1.0,1.0,4.0,0,295.0,2.0,0,0.0,1,1,2,0,22.0,0,284415.299555
7389317375,1,0,0.0,1.0,1.0,4.0,0,312.0,2.0,0,3.0,2,1,1,1,31.0,1,550000.0
3561640239,0,1,0.0,0.0,1.0,4.0,0,2028.0,4.0,0,5.0,2,1,2,1,27.0,1,284415.299555
9754677030,1,0,1.0,1.0,1.0,4.0,1,781.0,2.0,1,0.0,2,0,1,1,31.0,0,192000.0
4951166708,1,0,1.0,1.0,1.0,4.0,1,745.0,1.0,0,1.0,2,0,0,0,32.0,1,110000.0
7549961913,0,1,1.0,0.0,0.0,2.0,0,1429.0,0.0,0,1.0,0,0,1,0,71.0,1,192000.0
2151915927,1,0,0.0,1.0,1.0,4.0,0,79.0,3.0,0,0.0,1,0,1,0,25.0,0,120000.0
3585535472,1,0,0.0,0.0,0.0,0.0,0,839.0,2.0,0,1.0,0,0,1,0,40.0,1,360000.0
3517910470,0,1,0.0,0.0,1.0,4.0,0,409.0,2.0,0,0.0,2,1,2,0,25.0,0,165000.0
5115392371,1,0,0.0,1.0,1.0,4.0,0,128.0,5.0,1,0.0,2,0,1,1,40.0,0,284415.299555
5174506041,1,0,1.0,1.0,1.0,4.0,0,478.0,4.0,0,1.0,2,0,2,1,35.0,1,284415.299555
1197328073,1,0,0.0,1.0,1.0,4.0,1,431.0,4.0,0,6.0,2,1,2,3,39.0,1,880000.0
4002742728,1,0,0.0,0.0,1.0,4.0,1,1866.0,0.0,1,2.0,0,1,0,0,27.0,1,165000.0
5816669626,1,0,0.0,1.0,1.0,4.0,0,656.0,2.0,0,0.0,1,1,2,1,29.0,0,240000.0
8251050249,1,0,0.0,0.0,1.0,4.0,0,302.0,4.0,0,0.0,2,0,1,0,26.0,0,288000.0
7640935498,1,1,0.0,1.0,0.0,2.0,0,686.0,1.0,0,2.0,0,1,2,0,30.0,1,330000.0
5657424461,1,0,0.0,1.0,1.0,4.0,0,315.0,5.0,0,6.0,1,0,2,1,32.0,1,60000.0
2567699254,1,0,0.0,0.0,1.0,4.0,0,198.0,2.0,1,0.0,2,1,2,1,40.0,0,216000.0
8100109588,0,1,0.0,1.0,1.0,4.0,0,428.0,2.0,0,4.0,2,0,1,2,27.0,1,308000.0
2373167024,1,0,0.0,0.0,1.0,4.0,0,3487.0,1.0,0,1.0,2,1,2,1,33.0,1,325600.0
6166787811,0,1,0.0,0.0,1.0,4.0,0,889.0,5.0,0,5.0,2,0,1,1,31.0,1,198000.0
5799676461,1,1,0.0,0.0,0.0,2.0,0,3058.0,4.0,0,6.0,0,1,2,0,31.0,1,550000.0
4906074010,1,0,0.0,1.0,0.0,4.0,1,1128.0,3.0,0,6.0,2,0,2,1,28.0,1,550000.0
1355461896,1,0,0.0,1.0,1.0,4.0,1,241.0,1.0,0,2.0,2,0,0,2,31.0,1,165000.0
2003808034,1,0,0.0,1.0,1.0,4.0,0,4999.0,2.0,0,4.0,2,0,1,0,26.0,1,770000.0
1817487983,1,0,1.0,1.0,1.0,4.0,0,707.0,5.0,0,5.0,0,0,2,0,29.0,1,165000.0
7430130268,1,0,0.0,1.0,1.0,4.0,0,765.0,1.0,0,3.0,2,0,2,0,29.0,1,330000.0
7470733511,1,0,0.0,0.0,1.0,4.0,0,225.0,3.0,0,6.0,2,0,2,1,38.0,1,720000.0
3565083094,0,1,0.0,0.0,0.0,2.0,0,624.0,2.0,1,3.0,0,0,1,0,77.0,1,358600.0
8389868976,1,0,1.0,1.0,1.0,4.0,0,920.0,4.0,0,3.0,2,0,0,1,36.0,1,407000.0
4020568831,1,0,0.0,1.0,1.0,4.0,0,49.0,3.0,0,6.0,0,1,1,0,26.0,1,66000.0
1183321030,1,0,0.0,1.0,1.0,4.0,1,437.0,2.0,0,3.0,0,1,1,0,27.0,1,132000.0
7378814827,1,0,0.0,1.0,1.0,4.0,1,323.0,0.0,0,0.0,0,1,2,0,33.0,0,144000.0
3380009999,1,0,0.0,1.0,1.0,4.0,0,1118.0,0.0,0,3.0,2,1,2,2,24.0,1,330000.0
2776111859,1,0,0.0,1.0,1.0,4.0,0,107.0,3.0,0,6.0,3,0,1,1,40.0,1,715000.0
1314735035,1,0,0.0,1.0,1.0,4.0,1,1572.0,5.0,0,0.0,2,1,1,1,31.0,0,576000.0
4002692992,1,0,0.0,1.0,1.0,4.0,1,474.0,2.0,0,0.0,2,1,1,2,26.0,0,284415.299555
7822001133,1,0,0.0,1.0,1.0,4.0,0,695.0,3.0,1,0.0,2,0,1,1,33.0,0,440000.0
1676546225,0,1,0.0,1.0,1.0,4.0,1,224.0,3.0,0,6.0,2,1,2,0,36.0,1,120000.0
9513977406,0,1,0.0,1.0,1.0,4.0,0,217.0,5.0,0,6.0,0,1,1,0,28.0,1,426756.0
3670141772,1,0,0.0,1.0,1.0,4.0,1,495.0,4.0,0,0.0,0,0,1,0,21.0,0,120000.0
7366844365,0,1,0.0,0.0,1.0,4.0,0,1554.0,1.0,0,2.0,2,1,2,0,24.0,1,440000.0
3061012163,1,0,1.0,1.0,1.0,4.0,0,1349.0,2.0,0,2.0,2,0,2,1,32.0,1,550000.0
1497166208,1,0,0.0,1.0,1.0,4.0,0,233.0,5.0,1,6.0,1,1,2,1,50.0,1,770000.0
9889040447,0,0,0.0,1.0,1.0,4.0,0,786.687690743,5.0,1,6.0,1,0,2,1,50.0,1,220000.0
2016018499,0,1,0.0,1.0,1.0,4.0,1,214.0,0.0,0,0.0,1,0,0,0,20.0,0,22000.0
4110112364,1,0,0.0,1.0,1.0,4.0,1,1454.0,5.0,1,6.0,2,0,1,0,29.0,1,880000.0
4656062708,1,0,0.0,1.0,0.0,2.0,0,308.0,3.24217961655,0,0.0,0,0,3,0,41.0,0,284415.299555
7961977516,0,1,0.0,1.0,1.0,4.0,0,461.0,2.0,0,2.0,3,0,1,2,27.0,1,660000.0
3219677874,0,1,0.0,0.0,0.0,4.0,0,27.0,3.0,0,4.0,0,0,1,0,19.0,1,156000.0
1006266651,0,0,0.0,1.0,1.0,4.0,1,404.0,1.0,0,0.0,2,0,1,0,53.0,0,284415.299555
3596771176,1,0,0.0,1.0,1.0,4.0,0,229.0,2.0,0,5.0,2,0,1,1,25.0,1,357500.0
5741429746,1,0,1.0,1.0,0.0,2.0,0,2921.0,3.0,0,3.0,2,1,1,0,25.0,1,165000.0
1516706338,0,1,0.0,1.0,0.0,4.0,1,855.0,4.0,0,2.0,0,0,1,0,25.0,1,288000.0
8638580379,1,0,0.0,1.0,0.0,4.0,0,631.0,4.0,0,6.0,2,1,2,1,38.0,1,198000.0
8000018034,1,0,1.0,0.0,1.0,4.0,0,207.0,5.0,1,0.0,2,0,1,1,39.0,0,110000.0
7303163256,1,0,0.0,1.0,1.0,4.0,0,1912.0,4.0,0,4.0,1,0,0,1,35.0,1,165000.0
1670455912,1,0,1.0,1.0,1.0,4.0,0,249.0,3.0,0,4.0,1,1,2,1,28.0,1,214500.0
7020135676,1,0,0.0,1.0,1.0,4.0,0,185.0,4.0,0,6.0,1,1,1,1,33.0,1,165000.0
7581223009,1,0,1.0,1.0,1.0,4.0,0,52.0,0.0,0,6.0,2,0,1,1,41.0,1,770000.0
7088580488,1,0,0.0,1.0,1.0,4.0,1,86.0,5.0,1,3.0,2,0,1,0,33.0,1,330000.0
3743259894,1,0,0.0,1.0,1.0,4.0,1,407.0,5.0,0,1.0,2,0,0,2,23.0,1,220000.0
9366636131,1,0,1.0,0.0,1.0,4.0,1,334.0,5.0,1,0.0,2,1,1,3,44.0,0,220000.0
7777374938,1,0,1.0,0.0,1.0,4.0,0,49.0,5.0,1,6.0,0,0,2,0,49.0,1,192000.0
3401108129,0,1,0.0,0.0,1.0,4.0,0,786.687690743,3.24217961655,0,0.0,0,0,0,0,23.0,0,284415.299555
8716883625,1,0,0.0,1.0,1.0,4.0,0,368.0,1.0,0,2.0,2,1,2,1,27.0,1,495000.0
4097229256,1,0,0.0,1.0,1.0,4.0,0,235.0,3.0,0,1.0,0,0,0,0,35.0,1,616000.0
6033880411,1,0,0.0,1.0,1.0,4.0,0,913.0,3.0,0,4.0,0,1,2,0,29.0,1,600000.0
1777949145,1,0,0.0,0.0,1.0,4.0,0,179.0,2.0,0,3.0,2,1,2,1,33.0,1,275000.0
4738098277,1,0,0.0,1.0,1.0,4.0,0,1304.0,1.0,0,2.0,1,0,1,1,29.0,1,165000.0
8057731840,0,1,0.0,1.0,0.0,2.0,1,425.0,1.0,0,0.0,0,1,1,0,21.0,0,33600.0
1299427536,1,1,0.0,1.0,0.0,2.0,1,55.0,5.0,1,4.0,0,0,1,0,63.0,1,240000.0
7585759305,0,1,0.0,1.0,1.0,4.0,1,423.0,5.0,0,3.0,0,1,1,0,21.0,1,165000.0
4581264233,0,1,0.0,1.0,1.0,4.0,0,396.0,3.0,0,4.0,2,1,1,2,31.0,1,165000.0
1272813046,1,0,0.0,1.0,1.0,4.0,1,2324.0,1.0,0,4.0,0,0,1,0,27.0,1,77000.0
9745064088,1,1,0.0,0.0,1.0,4.0,0,263.0,5.0,1,0.0,1,0,1,1,55.0,0,220000.0
5682976418,1,0,0.0,1.0,1.0,4.0,0,81.0,5.0,0,0.0,2,1,1,1,41.0,0,284415.299555
2398603694,1,0,1.0,0.0,1.0,4.0,0,2088.0,4.0,1,6.0,2,0,2,1,31.0,1,242000.0
3010231585,1,0,0.0,1.0,1.0,5.0,1,328.0,3.0,0,3.0,2,0,1,0,29.0,1,330000.0
5085179989,1,0,0.0,1.0,1.0,4.0,0,288.0,5.0,0,6.0,0,1,1,0,29.0,1,432000.0
6015554652,1,0,0.0,0.0,1.0,4.0,0,1129.0,2.0,0,0.0,2,1,1,0,41.0,0,220000.0
4461208066,1,0,0.0,1.0,1.0,4.0,0,786.687690743,5.0,0,6.0,1,1,2,1,38.0,1,165000.0
3252413480,1,0,0.0,1.0,1.0,4.0,0,2691.0,5.0,0,5.0,2,1,1,0,34.0,1,220000.0
2151054057,1,0,1.0,1.0,1.0,4.0,0,1370.0,0.0,0,2.0,0,0,1,0,26.0,1,110000.0
6224726229,0,1,0.0,1.0,1.0,4.0,0,188.0,2.0,0,3.0,1,0,1,1,41.0,1,110000.0
5945488348,1,0,0.0,1.0,0.0,2.0,0,514.0,2.0,0,0.0,2,0,2,2,26.0,0,275000.0
8946883110,1,1,0.0,1.0,1.0,4.0,1,91.0,5.0,0,5.0,2,0,2,1,25.0,1,144000.0
1615532287,1,0,0.0,0.0,1.0,4.0,0,648.0,1.0,0,3.0,2,1,1,1,34.0,1,165000.0
6768006410,1,0,0.0,1.0,1.0,4.0,0,257.0,4.0,0,6.0,0,0,1,0,34.0,1,330000.0
4811992520,0,1,0.0,1.0,0.0,2.0,0,32.0,4.0,0,0.0,1,1,2,1,33.0,0,284415.299555
3624329372,0,1,0.0,1.0,0.0,2.0,0,436.0,2.0,0,3.0,0,0,1,0,21.0,1,216000.0
1280507511,0,1,1.0,1.0,1.0,4.0,0,328.0,3.0,0,3.0,0,0,1,0,28.0,1,216000.0
2033348143,0,1,0.0,1.0,1.0,4.0,1,1690.0,2.0,1,2.0,2,0,2,2,23.0,1,132000.0
5217601507,1,0,0.0,1.0,1.0,4.0,0,1802.0,3.0,0,6.0,2,0,1,0,32.0,1,385000.0
9453964086,0,1,0.0,1.0,0.0,2.0,1,525.0,2.0,0,3.0,0,0,1,0,21.0,1,165000.0
5511930733,1,0,0.0,1.0,1.0,4.0,1,226.0,5.0,1,6.0,2,1,1,3,32.0,1,561000.0
7268198319,1,1,0.0,0.0,1.0,4.0,0,307.0,5.0,0,6.0,1,0,1,0,28.0,1,55000.0
6268509017,1,0,1.0,1.0,1.0,4.0,0,184.0,2.0,0,4.0,0,1,1,0,22.0,1,242000.0
7502458411,1,0,0.0,0.0,1.0,4.0,0,121.0,5.0,0,0.0,1,0,2,1,36.0,0,96000.0
4740365226,1,0,0.0,1.0,1.0,4.0,0,3240.0,4.0,0,2.0,1,1,2,0,23.0,1,330000.0
8550857009,1,0,0.0,1.0,1.0,4.0,0,709.0,3.0,0,6.0,2,0,2,1,34.0,1,284415.299555
5312329083,1,0,0.0,1.0,1.0,4.0,0,292.0,4.0,0,0.0,0,1,2,1,43.0,0,284415.299555
3321063881,1,0,0.0,1.0,1.0,4.0,0,527.0,2.0,0,6.0,2,1,2,1,29.0,1,330000.0
8609804338,1,0,0.0,1.0,1.0,4.0,0,1103.0,5.0,0,2.0,2,0,1,1,30.0,1,159500.0
5988618720,1,0,0.0,1.0,1.0,4.0,0,285.0,5.0,0,0.0,2,1,2,1,43.0,0,480000.0
2648460353,1,0,0.0,1.0,1.0,4.0,0,52.0,5.0,0,0.0,2,0,1,1,35.0,0,165000.0
1648126910,0,0,0.0,1.0,1.0,4.0,0,407.0,3.0,0,3.0,2,0,1,0,19.0,1,111353.0
2345287133,1,0,0.0,1.0,1.0,4.0,0,786.687690743,3.0,1,6.0,3,0,2,1,47.0,1,284415.299555
5359782636,1,1,0.0,1.0,1.0,4.0,1,423.0,1.0,0,0.0,2,0,0,0,22.0,0,66000.0
8053556486,1,0,0.0,1.0,1.0,4.0,0,404.0,3.0,0,0.0,2,1,1,0,27.0,0,284415.299555
4493372220,1,0,0.0,0.0,1.0,4.0,0,267.0,3.0,1,6.0,2,0,1,0,42.0,1,374000.0
8126857977,1,0,0.0,1.0,1.0,4.0,0,176.0,3.0,0,6.0,2,0,1,1,33.0,1,495000.0
4792942529,1,0,1.0,0.0,1.0,4.0,0,901.0,5.0,0,2.0,2,0,1,0,29.0,1,242000.0
2704294846,1,0,1.0,0.0,1.0,4.0,0,2541.0,2.0,0,1.0,1,1,1,1,29.0,1,159500.0
9594494228,1,0,0.0,1.0,1.0,4.0,1,2680.0,2.0,1,3.0,1,0,2,0,27.0,1,220000.0
4949206686,1,0,1.0,1.0,0.0,2.0,0,39.0,2.0,0,0.0,1,0,2,3,42.0,0,240000.0
9804175165,1,0,0.0,1.0,1.0,5.0,0,392.0,4.0,0,6.0,2,1,2,0,33.0,1,583000.0
4847988237,1,0,1.0,1.0,0.0,2.0,0,178.0,3.0,1,6.0,2,0,1,1,43.0,1,220000.0
5559702426,1,0,0.0,1.0,1.0,4.0,1,831.0,0.0,0,0.0,2,1,1,1,31.0,0,550000.0
3738922495,1,0,0.0,0.0,1.0,4.0,0,681.0,2.0,0,3.0,2,1,1,0,28.0,1,550000.0
9193097824,0,1,1.0,0.0,1.0,4.0,0,327.0,2.0,0,3.0,0,0,1,0,18.0,1,330000.0
4116829921,1,0,0.0,0.0,0.0,2.0,0,170.0,5.0,0,6.0,2,0,1,2,26.0,1,242000.0
7624836270,1,0,0.0,1.0,1.0,4.0,0,1101.0,5.0,0,2.0,0,0,1,1,32.0,1,165000.0
7125219495,0,1,1.0,1.0,0.0,4.0,0,820.0,0.0,0,0.0,0,0,1,0,31.5720207254,0,165000.0
7177006216,0,1,0.0,1.0,1.0,4.0,1,2564.0,5.0,0,6.0,0,0,2,0,19.0,1,286000.0
6108121189,1,0,0.0,1.0,1.0,4.0,0,1704.0,1.0,0,2.0,2,0,2,2,26.0,1,352000.0
9851390076,1,0,0.0,1.0,0.0,2.0,0,1515.0,2.0,0,3.0,1,1,1,2,38.0,1,275000.0
3023340127,1,0,0.0,1.0,1.0,4.0,0,449.0,3.0,0,0.0,2,0,2,2,27.0,0,284415.299555
5476885599,0,1,1.0,1.0,1.0,4.0,0,3125.0,2.0,0,0.0,0,0,2,0,19.0,0,96000.0
1838116247,1,0,0.0,0.0,0.0,2.0,1,219.0,0.0,0,6.0,2,1,1,0,32.0,1,220000.0
4228136505,1,0,1.0,0.0,1.0,4.0,0,185.0,3.0,0,6.0,2,0,1,1,34.0,1,550000.0
4881579468,0,1,0.0,1.0,1.0,4.0,0,495.0,3.0,0,4.0,2,1,2,2,27.0,1,385000.0
1316512614,0,1,0.0,1.0,0.0,2.0,0,790.0,1.0,0,2.0,0,0,1,0,19.0,1,36000.0
4191686819,1,0,0.0,1.0,1.0,4.0,0,1753.0,5.0,0,4.0,2,0,2,1,31.0,1,284415.299555
9923610654,1,0,0.0,0.0,1.0,4.0,0,73.0,5.0,0,6.0,2,0,1,1,46.0,1,336000.0
8484461796,1,0,0.0,1.0,1.0,4.0,1,511.0,5.0,0,0.0,2,0,1,0,36.0,0,55000.0
8237091184,1,0,0.0,1.0,1.0,5.0,0,2037.0,3.0,0,3.0,3,1,2,1,31.0,1,284415.299555
1801624265,0,1,0.0,1.0,1.0,4.0,0,1530.0,5.0,1,5.0,2,1,1,1,31.0,1,110000.0
3805746294,0,0,0.0,1.0,1.0,4.0,0,258.0,4.0,0,4.0,0,1,0,1,30.0,1,109440.0
7386434289,0,1,0.0,1.0,1.0,2.0,1,279.0,3.0,0,3.0,0,0,1,0,21.0,1,57600.0
5213679097,0,0,0.0,1.0,1.0,4.0,0,786.687690743,5.0,0,0.0,1,0,2,1,38.0,0,240000.0
4387253723,0,0,1.0,0.0,1.0,4.0,0,415.0,3.0,0,1.0,2,0,2,0,27.0,1,440000.0
8362192538,0,1,0.0,1.0,0.0,2.0,0,109.0,2.0,0,1.0,0,0,1,0,21.0,1,143000.0
9523062306,0,1,0.0,1.0,1.0,4.0,1,34.0,3.0,0,2.0,2,0,2,1,24.0,1,550000.0
2535099359,0,1,0.0,0.0,0.0,0.0,0,411.0,5.0,0,0.0,0,1,1,0,31.5720207254,0,176000.0
8719891162,1,1,0.0,1.0,0.0,2.0,0,250.0,2.0,1,3.0,0,0,1,0,22.0,1,216000.0
4716039696,1,0,0.0,0.0,1.0,4.0,0,187.0,3.0,0,6.0,1,0,1,1,30.0,1,330000.0
8763192932,0,1,0.0,0.0,0.0,2.0,0,1088.0,3.0,0,1.0,0,0,1,0,20.0,1,240000.0
8150642238,1,0,0.0,0.0,1.0,4.0,0,447.0,2.0,1,6.0,2,1,1,1,36.0,1,284415.299555
6207451939,1,0,0.0,0.0,0.0,2.0,0,216.0,2.0,1,3.0,1,0,1,0,27.0,1,220000.0
8476099889,1,0,0.0,1.0,1.0,4.0,0,4998.0,4.0,0,6.0,2,0,1,0,44.0,1,330000.0
3282108906,1,0,0.0,0.0,1.0,4.0,0,1039.0,5.0,0,6.0,2,1,2,1,28.0,1,220000.0
8171435807,0,1,0.0,1.0,1.0,4.0,1,297.0,3.0,0,3.0,2,0,1,0,27.0,1,220000.0
6640166679,1,0,0.0,1.0,1.0,4.0,0,503.0,2.0,0,1.0,2,0,1,0,22.0,1,144000.0
4429479218,1,0,1.0,0.0,1.0,4.0,1,330.0,5.0,0,6.0,2,0,2,1,59.0,1,248050.0
2412688377,0,1,0.0,0.0,0.0,2.0,0,2052.0,1.0,0,5.0,2,1,1,0,22.0,1,220000.0
5747178338,1,0,0.0,1.0,1.0,4.0,0,1826.0,0.0,0,0.0,1,0,1,0,21.0,0,96000.0
8594242129,1,0,0.0,1.0,1.0,4.0,0,154.0,0.0,0,0.0,2,0,1,1,30.0,0,220000.0
6617821797,1,0,0.0,1.0,1.0,4.0,0,385.0,5.0,0,6.0,1,0,1,3,58.0,1,171380.0
3778121349,0,1,1.0,1.0,1.0,4.0,0,2155.0,2.0,0,3.0,3,0,2,1,31.0,1,770000.0
7331238292,1,0,1.0,0.0,0.0,2.0,0,420.0,5.0,0,6.0,2,1,2,1,38.0,1,77000.0
3331565180,1,0,0.0,1.0,1.0,4.0,0,107.0,5.0,0,0.0,1,0,2,1,41.0,0,770000.0
6094242225,0,0,0.0,1.0,1.0,4.0,1,410.0,3.0,0,5.0,2,0,2,0,26.0,1,330000.0
7743920692,1,0,0.0,1.0,1.0,4.0,0,257.0,2.0,0,2.0,1,0,1,0,26.0,1,120000.0
6430736429,1,0,0.0,1.0,1.0,4.0,0,247.0,3.0,0,6.0,2,0,1,1,29.0,1,275000.0
5511522687,1,0,0.0,1.0,1.0,4.0,1,381.0,3.0,0,3.0,2,0,1,1,34.0,1,165000.0
7614759494,0,1,0.0,1.0,1.0,4.0,0,179.0,1.0,0,3.0,1,0,2,1,25.0,1,99000.0
2662659101,0,1,0.0,1.0,1.0,4.0,0,507.0,2.0,0,0.0,0,1,1,0,20.0,0,168000.0
6127719079,1,0,1.0,0.0,1.0,4.0,0,1573.0,3.0,0,5.0,2,1,1,1,27.0,1,143000.0
9254134796,1,0,0.0,0.0,1.0,4.0,0,4999.0,5.0,0,6.0,2,0,2,1,44.0,1,880000.0
1661126978,1,0,0.0,1.0,1.0,4.0,0,207.0,5.0,0,2.0,2,1,2,0,26.0,1,220000.0
4198273826,0,1,0.0,1.0,1.0,4.0,0,49.0,4.0,1,3.0,0,0,2,0,31.5720207254,1,154000.0
3602567513,1,0,1.0,0.0,1.0,4.0,1,296.0,5.0,0,6.0,2,0,1,1,44.0,1,284415.299555
7493785209,1,0,0.0,1.0,1.0,4.0,0,1184.0,5.0,0,3.0,2,0,2,0,23.0,1,110000.0
9149555649,1,0,1.0,0.0,1.0,4.0,0,278.0,3.0,0,5.0,1,1,2,0,28.0,1,275000.0
2696051892,1,0,1.0,1.0,1.0,4.0,0,560.0,5.0,0,0.0,1,0,0,1,42.0,0,165000.0
7289370646,1,0,0.0,1.0,1.0,4.0,0,177.0,5.0,0,0.0,2,0,2,1,46.0,0,440000.0
4724843699,1,0,0.0,1.0,1.0,4.0,0,1086.0,3.0,0,5.0,2,0,2,1,31.0,1,550000.0
5665931957,1,0,0.0,1.0,0.0,4.0,1,4999.0,1.0,0,5.0,2,0,2,0,33.0,1,480000.0
1782793085,1,0,0.0,1.0,1.0,4.0,1,1631.0,3.0,0,5.0,0,1,2,0,27.0,1,88000.0
2422995126,1,0,0.0,1.0,1.0,4.0,0,602.0,2.0,0,2.0,2,0,2,2,29.0,1,330000.0
7091985427,1,0,0.0,1.0,1.0,4.0,0,422.0,5.0,0,3.0,1,0,2,1,33.0,1,165000.0
5868139297,1,0,0.0,1.0,1.0,2.0,0,1458.0,5.0,1,6.0,0,0,1,0,24.0,1,132000.0
8460627016,1,0,0.0,1.0,1.0,4.0,0,224.0,5.0,0,3.0,1,0,1,1,31.0,1,220000.0
5108315568,1,1,0.0,1.0,1.0,4.0,0,324.0,1.0,0,0.0,0,1,1,0,27.0,0,308000.0
5126578428,1,0,0.0,1.0,1.0,4.0,1,291.0,5.0,0,6.0,0,1,1,0,26.0,1,275000.0
3294533408,1,0,0.0,1.0,0.0,2.0,0,418.0,1.0,0,4.0,0,1,2,0,30.0,1,264000.0
5212256963,1,0,0.0,0.0,1.0,4.0,0,635.0,2.0,1,0.0,2,0,1,1,24.0,0,330000.0
3201754709,1,0,0.0,0.0,1.0,4.0,0,178.0,2.0,0,6.0,1,1,2,0,29.0,1,120000.0
1892120669,1,0,0.0,1.0,1.0,4.0,0,753.0,5.0,0,6.0,2,0,1,1,40.0,1,440000.0
2258471198,1,0,0.0,1.0,1.0,4.0,0,4316.0,5.0,0,6.0,2,0,2,1,31.0,1,284415.299555
2724136679,1,0,1.0,0.0,1.0,4.0,1,298.0,3.0,0,6.0,2,0,2,0,29.0,1,96000.0
5777469792,1,0,0.0,1.0,1.0,4.0,1,907.0,2.0,1,3.0,0,0,1,0,27.0,1,120000.0
1911454239,0,1,0.0,0.0,0.0,0.0,1,199.0,4.0,1,0.0,0,0,2,0,30.0,0,284415.299555
3640580591,1,0,0.0,1.0,1.0,4.0,0,234.0,2.0,1,2.0,2,0,1,0,29.0,1,165000.0
1932568661,1,0,0.0,1.0,1.0,4.0,0,1161.0,3.0,0,4.0,2,0,1,2,34.0,1,284415.299555
6925828638,1,0,0.0,0.0,1.0,4.0,0,1791.0,3.0,0,0.0,1,1,1,1,37.0,0,120000.0
1104389006,1,0,1.0,1.0,1.0,4.0,0,2858.0,4.0,0,5.0,1,1,1,1,26.0,1,165000.0
2974671365,1,1,0.0,1.0,1.0,4.0,0,354.0,5.0,1,6.0,1,0,1,0,28.0,1,374000.0
4088430688,0,1,0.0,0.0,0.0,2.0,0,145.0,3.0,0,0.0,0,0,2,0,22.0,0,600000.0
9517700838,0,1,0.0,1.0,1.0,4.0,1,4987.0,5.0,0,0.0,1,0,1,1,30.0,0,55000.0
6408292681,1,0,0.0,1.0,1.0,4.0,0,351.0,5.0,0,0.0,2,0,1,1,44.0,0,363000.0
4396948561,0,1,0.0,1.0,1.0,4.0,0,511.0,3.0,0,2.0,0,0,1,0,31.5720207254,1,288000.0
5809370917,0,0,0.0,1.0,1.0,4.0,1,1746.0,2.0,0,2.0,2,0,1,2,21.0,1,286000.0
1011938779,1,0,0.0,0.0,0.0,2.0,1,1.0,2.0,0,2.0,2,1,1,0,22.0,1,240000.0
9562149901,1,0,0.0,1.0,1.0,4.0,0,228.0,5.0,0,6.0,2,0,1,1,41.0,1,495000.0
5537661525,1,0,0.0,1.0,1.0,4.0,0,153.0,4.0,1,4.0,2,0,1,1,39.0,1,440000.0
1537018341,1,1,1.0,1.0,1.0,4.0,0,2960.0,2.0,0,0.0,0,1,1,0,23.0,0,132000.0
7073326976,1,0,1.0,1.0,1.0,4.0,0,25.0,5.0,0,0.0,0,1,2,1,32.0,0,220000.0
6825768883,1,0,1.0,1.0,1.0,4.0,0,67.0,4.0,0,4.0,1,0,1,1,35.0,1,220000.0
8735273100,1,0,0.0,1.0,1.0,4.0,1,170.0,5.0,1,0.0,2,0,2,1,28.0,0,44000.0
4146622581,1,1,0.0,1.0,1.0,4.0,0,867.0,0.0,0,0.0,0,0,1,0,21.0,0,66000.0
5064137410,1,0,0.0,1.0,1.0,4.0,1,118.0,1.0,0,4.0,2,1,2,0,32.0,1,115500.0
3435646267,1,0,0.0,1.0,0.0,2.0,0,110.0,5.0,0,3.0,0,0,0,0,19.0,1,33000.0
7381703622,1,0,0.0,1.0,1.0,4.0,1,281.0,5.0,1,0.0,2,0,1,0,28.0,0,72000.0
3525069691,0,1,0.0,1.0,1.0,4.0,1,154.0,1.0,0,3.0,2,0,1,0,28.0,1,440000.0
4460847262,1,0,0.0,0.0,1.0,4.0,0,123.0,3.0,1,5.0,2,0,2,1,33.0,1,550000.0
3950963431,1,0,1.0,1.0,1.0,4.0,1,982.0,1.0,0,0.0,2,0,1,0,22.0,0,22000.0
2133314717,1,0,1.0,1.0,1.0,4.0,0,366.0,5.0,1,6.0,2,0,2,1,55.0,1,550000.0
3419286937,1,0,0.0,1.0,1.0,5.0,1,406.0,1.0,0,3.0,2,1,1,0,34.0,1,345268.0
5018829972,1,0,1.0,1.0,1.0,4.0,0,491.0,2.0,0,2.0,2,0,0,0,28.0,1,110000.0
5004213430,1,0,0.0,0.0,1.0,4.0,0,163.0,3.0,0,6.0,1,0,1,1,33.0,1,120000.0
1862148446,1,0,0.0,1.0,1.0,4.0,1,367.0,5.0,1,0.0,2,0,2,1,34.0,0,284415.299555
4732601069,1,0,1.0,0.0,1.0,4.0,0,220.0,5.0,0,6.0,2,1,1,1,37.0,1,216000.0
8278230987,1,0,0.0,1.0,1.0,4.0,0,374.0,5.0,0,6.0,0,0,1,0,25.0,1,840000.0
8839970497,1,0,0.0,1.0,0.0,2.0,0,163.0,2.0,0,5.0,0,1,1,0,32.0,1,144000.0
5810007060,0,1,0.0,1.0,0.0,2.0,0,284.0,2.0,0,3.0,0,0,2,0,19.0,1,180000.0
4337834140,1,0,0.0,0.0,1.0,4.0,1,241.0,5.0,0,5.0,2,0,1,1,35.0,1,220000.0
5979082957,1,0,0.0,1.0,1.0,4.0,0,222.0,2.0,0,3.0,2,1,0,1,25.0,1,275000.0
4030617594,1,0,0.0,1.0,1.0,4.0,1,229.0,2.0,0,0.0,2,1,1,1,27.0,0,720000.0
3082010991,1,0,0.0,0.0,1.0,4.0,0,4981.0,4.0,1,4.0,2,1,2,2,21.0,1,720000.0
6100057929,1,0,1.0,1.0,0.0,2.0,1,164.0,4.0,0,0.0,0,0,2,0,37.0,0,480000.0
5733285355,1,0,1.0,1.0,1.0,4.0,0,75.0,0.0,0,3.0,2,1,1,0,39.0,1,165000.0
9900698075,1,0,0.0,0.0,1.0,4.0,0,782.0,0.0,1,1.0,1,1,1,1,30.0,1,275000.0
9036331394,1,1,1.0,0.0,1.0,4.0,0,396.0,4.0,0,5.0,2,0,0,1,29.0,1,284415.299555
1767540225,1,0,1.0,0.0,1.0,4.0,1,209.0,2.0,0,0.0,2,0,1,2,32.0,0,275000.0
6034981056,1,0,0.0,1.0,1.0,4.0,0,1640.0,4.0,0,6.0,2,0,1,1,29.0,1,770000.0
1212953829,1,0,0.0,1.0,0.0,2.0,1,7.0,5.0,0,6.0,2,0,0,0,49.0,1,360000.0
1661102022,0,1,0.0,0.0,0.0,0.0,1,128.0,4.0,0,4.0,0,0,2,0,30.0,1,840000.0
4194649044,1,0,0.0,1.0,1.0,4.0,0,40.0,3.0,0,0.0,2,1,2,1,34.0,0,220000.0
9955035119,1,0,0.0,1.0,1.0,4.0,1,587.0,0.0,0,1.0,2,0,1,0,29.0,1,495000.0
3206224066,0,1,0.0,0.0,0.0,2.0,0,377.0,1.0,0,5.0,0,0,1,0,20.0,1,456000.0
2847751420,0,0,0.0,1.0,1.0,4.0,0,786.687690743,5.0,0,0.0,2,0,2,1,32.0,0,275000.0
8529623453,1,0,0.0,0.0,1.0,4.0,0,36.0,5.0,0,0.0,0,0,2,1,35.0,0,198000.0
2916310278,1,0,0.0,1.0,1.0,4.0,1,79.0,5.0,0,0.0,2,1,2,1,42.0,0,192000.0
5875230942,0,1,0.0,0.0,0.0,0.0,0,797.0,2.0,0,1.0,0,0,1,0,84.0,1,192000.0
7526973171,1,0,0.0,1.0,1.0,4.0,0,1130.0,5.0,0,5.0,2,0,2,1,32.0,1,360000.0
4252440796,1,0,0.0,0.0,0.0,4.0,1,89.0,5.0,0,0.0,1,0,1,0,40.0,0,144000.0
2636722159,1,0,0.0,1.0,1.0,4.0,0,373.0,5.0,0,6.0,2,0,2,0,36.0,1,240000.0
8806418646,0,1,0.0,0.0,1.0,4.0,0,564.0,1.0,1,1.0,0,0,0,0,18.0,1,88000.0
2614224686,0,0,0.0,1.0,1.0,4.0,1,628.0,2.0,0,1.0,2,1,1,1,30.0,1,495000.0
5346231779,1,0,0.0,0.0,1.0,4.0,1,412.0,2.0,0,5.0,0,0,2,0,29.0,1,288000.0
1766763696,1,0,1.0,1.0,1.0,4.0,0,251.0,3.0,0,3.0,2,1,1,0,29.0,1,440000.0
1064638493,1,0,0.0,0.0,1.0,4.0,0,870.0,3.0,0,5.0,1,1,2,1,25.0,1,144000.0
5560444736,0,1,1.0,0.0,1.0,4.0,1,234.0,5.0,0,0.0,1,0,1,0,31.0,0,168000.0
1447788669,1,0,0.0,0.0,1.0,4.0,0,684.0,4.0,0,0.0,2,0,2,1,33.0,0,330000.0
5530713621,1,0,0.0,0.0,1.0,4.0,1,636.0,3.0,0,0.0,2,0,1,1,29.0,0,96000.0
5517270647,0,1,1.0,1.0,0.0,2.0,0,944.0,3.0,0,3.0,0,0,2,0,20.0,1,192000.0
1513646713,1,0,0.0,1.0,1.0,4.0,0,488.0,3.0,0,3.0,2,1,1,1,35.0,1,264000.0
5123229643,1,0,0.0,1.0,1.0,4.0,0,853.0,2.0,0,3.0,2,1,2,1,23.0,1,110000.0
6572992960,1,0,0.0,0.0,0.0,2.0,1,51.0,4.0,0,4.0,2,1,2,1,47.0,1,220000.0
9865454850,1,0,0.0,1.0,1.0,4.0,0,2340.0,5.0,0,6.0,2,0,1,1,30.0,1,330000.0
7961003085,1,0,0.0,0.0,1.0,4.0,0,4204.0,5.0,0,6.0,2,1,2,1,27.0,1,165000.0
1287191810,1,0,0.0,1.0,1.0,4.0,0,5000.0,4.0,0,6.0,2,0,2,1,41.0,1,440000.0
5241853297,0,1,0.0,1.0,0.0,2.0,1,297.0,5.0,0,4.0,2,0,1,2,33.0,1,120000.0
2327560619,1,0,1.0,0.0,1.0,4.0,1,1248.0,5.0,1,6.0,0,1,1,0,25.0,1,108000.0
9003357851,1,0,0.0,1.0,1.0,4.0,1,365.0,5.0,1,3.0,2,0,2,1,37.0,1,110000.0
4540783923,1,0,0.0,1.0,1.0,4.0,0,2415.0,3.0,0,4.0,2,0,1,0,25.0,1,187000.0
2746795632,1,0,0.0,1.0,0.0,4.0,0,470.0,2.0,1,6.0,2,1,2,1,44.0,1,220000.0
2750363292,1,0,0.0,1.0,1.0,4.0,0,1212.0,5.0,1,6.0,2,0,1,1,29.0,1,275000.0
8686243541,1,0,0.0,0.0,1.0,4.0,0,407.0,4.0,0,0.0,2,1,1,2,28.0,0,165000.0
6240263090,1,0,1.0,1.0,0.0,2.0,0,32.0,5.0,0,6.0,1,1,0,1,44.0,1,330000.0
6581882246,1,0,0.0,1.0,1.0,4.0,0,625.0,4.0,0,0.0,1,0,1,1,32.0,0,220000.0
2916523599,1,0,0.0,1.0,1.0,4.0,0,89.0,2.0,0,3.0,0,0,1,0,26.0,1,284415.299555
5923715507,1,1,0.0,1.0,1.0,4.0,0,4602.0,5.0,0,0.0,1,0,2,0,33.0,0,240000.0
9656418246,1,0,0.0,1.0,1.0,4.0,0,76.0,3.0,0,3.0,2,0,0,1,52.0,1,275000.0
2876398156,0,1,0.0,1.0,0.0,2.0,0,855.0,1.0,0,2.0,0,1,1,0,24.0,1,220800.0
8092607634,1,0,1.0,1.0,1.0,2.0,0,1841.0,3.0,0,3.0,0,1,1,0,26.0,1,120000.0
8540946794,1,0,0.0,0.0,1.0,4.0,0,1282.0,1.0,1,5.0,1,0,2,1,29.0,1,110000.0
6297081953,0,1,1.0,0.0,0.0,4.0,0,1269.0,3.0,0,2.0,0,1,1,0,21.0,1,198000.0
6386601342,1,0,0.0,1.0,1.0,4.0,0,853.0,5.0,0,6.0,2,0,2,1,39.0,1,330000.0
6666930711,1,0,0.0,1.0,1.0,4.0,0,745.0,1.0,0,1.0,2,0,1,1,33.0,1,284415.299555
8740760572,1,0,1.0,1.0,1.0,4.0,0,1264.0,2.0,0,6.0,2,0,2,2,25.0,1,330000.0
1090396622,0,1,0.0,0.0,1.0,4.0,0,832.0,4.0,0,0.0,0,1,0,0,31.5720207254,0,55000.0
9478427902,1,0,0.0,1.0,1.0,4.0,0,4828.0,5.0,1,6.0,1,1,2,1,29.0,1,240000.0
7038032168,1,0,0.0,1.0,1.0,4.0,0,4896.0,2.0,0,0.0,2,1,2,1,33.0,0,440000.0
5167938983,1,0,0.0,1.0,1.0,4.0,0,1156.0,4.0,0,5.0,2,1,2,3,34.0,1,308000.0
7372142755,1,0,0.0,1.0,1.0,4.0,0,955.0,3.0,0,4.0,2,1,1,1,27.0,1,275000.0
2795350446,1,0,0.0,1.0,1.0,4.0,0,4993.0,3.0,1,0.0,0,1,2,0,28.0,0,720000.0
4390479181,1,0,1.0,1.0,1.0,4.0,0,46.0,5.0,1,0.0,1,1,2,1,37.0,0,168000.0
8379961584,1,0,0.0,1.0,1.0,4.0,1,107.0,5.0,1,0.0,0,1,1,1,31.0,0,330000.0
1180207250,0,1,0.0,0.0,0.0,2.0,0,1512.0,2.0,0,5.0,0,0,1,0,22.0,1,600000.0
4650748452,1,0,1.0,1.0,1.0,4.0,0,400.0,5.0,1,0.0,1,1,2,1,36.0,0,24000.0
1963789232,0,1,0.0,1.0,1.0,4.0,0,197.0,5.0,1,5.0,1,0,1,1,28.0,1,165000.0
9666559145,1,0,0.0,0.0,0.0,4.0,0,1235.0,5.0,0,0.0,1,0,2,1,42.0,0,72000.0
2901782279,1,0,0.0,1.0,1.0,5.0,0,1114.0,5.0,0,6.0,2,0,2,2,26.0,1,385000.0
3200903086,0,1,0.0,1.0,1.0,4.0,1,341.0,5.0,1,5.0,2,0,2,1,51.0,1,330000.0
1177471131,0,1,0.0,1.0,0.0,2.0,0,186.0,3.0,0,3.0,0,0,2,0,20.0,1,132000.0
6766803957,1,1,0.0,1.0,1.0,4.0,1,424.0,5.0,0,6.0,2,1,1,0,37.0,1,440000.0
7691808756,0,1,0.0,0.0,1.0,4.0,0,3554.0,1.0,0,1.0,2,0,1,0,21.0,1,110000.0
5255086303,1,0,0.0,1.0,0.0,2.0,0,27.0,2.0,0,3.0,0,1,2,0,30.0,1,240000.0
3290581266,1,0,0.0,1.0,1.0,4.0,0,360.0,1.0,1,6.0,2,0,2,1,29.0,1,284415.299555
3939663286,1,0,1.0,1.0,1.0,4.0,1,1842.0,3.0,0,2.0,0,1,1,0,26.0,1,396000.0
5248964653,0,1,0.0,1.0,0.0,2.0,0,2390.0,3.0,0,2.0,0,0,2,0,21.0,1,132000.0
4431726673,0,1,0.0,1.0,0.0,2.0,0,1515.0,4.0,0,4.0,2,1,2,0,25.0,1,358380.0
8425972319,0,1,0.0,1.0,1.0,4.0,0,4800.0,0.0,0,1.0,0,0,2,0,23.0,1,240000.0
5521864872,0,1,0.0,1.0,1.0,4.0,0,1615.0,1.0,0,2.0,0,0,2,0,19.0,1,72000.0
7769459042,1,0,0.0,0.0,1.0,4.0,1,427.0,4.0,0,5.0,1,1,1,0,34.0,1,132000.0
7803964963,1,0,0.0,1.0,1.0,4.0,0,1235.0,4.0,0,3.0,1,0,2,1,28.0,1,154000.0
4702513294,0,0,0.0,0.0,1.0,4.0,0,493.0,3.0,0,2.0,2,0,2,0,23.0,1,132000.0
1802377828,1,0,0.0,1.0,1.0,4.0,0,255.0,4.0,0,5.0,1,1,1,1,26.0,1,330000.0
7336051313,1,0,0.0,1.0,1.0,4.0,0,238.0,4.0,0,0.0,2,0,1,0,30.0,0,384000.0
9661362272,1,0,0.0,1.0,1.0,4.0,0,162.0,4.0,0,6.0,2,0,1,1,34.0,1,220000.0
8615494905,1,1,0.0,1.0,1.0,4.0,0,607.0,3.0,0,6.0,2,0,1,1,32.0,1,616000.0
3390119816,1,0,0.0,0.0,1.0,4.0,0,309.0,5.0,0,6.0,2,1,1,1,31.0,1,121000.0
2246622383,1,0,0.0,1.0,1.0,4.0,0,100.0,5.0,1,6.0,2,0,1,1,32.0,1,132000.0
6448249622,1,0,1.0,0.0,1.0,4.0,0,276.0,5.0,0,3.0,2,1,1,1,39.0,1,385000.0
4908096316,1,0,1.0,0.0,1.0,4.0,0,857.0,5.0,0,6.0,2,0,1,1,32.0,1,284415.299555
1654887836,0,1,0.0,1.0,1.0,4.0,1,441.0,2.0,0,6.0,0,1,1,0,29.0,1,480000.0
8194919845,1,0,0.0,1.0,1.0,4.0,0,501.0,5.0,1,0.0,2,1,2,1,42.0,0,550000.0
3431150888,1,0,0.0,1.0,1.0,4.0,1,899.0,3.0,0,5.0,3,0,0,0,33.0,1,568590.0
3930083269,1,0,0.0,0.0,0.0,0.0,0,170.0,5.0,0,5.0,0,1,1,0,31.0,1,165000.0
7537202594,0,1,0.0,1.0,0.0,2.0,0,292.0,0.0,0,4.0,0,0,1,0,30.0,1,330000.0
6348357419,1,0,0.0,1.0,1.0,4.0,0,293.0,5.0,1,6.0,2,1,0,1,53.0,1,803000.0
9164049071,1,0,0.0,1.0,1.0,4.0,1,729.0,4.0,0,6.0,2,1,1,0,30.0,1,275000.0
8685630915,0,1,0.0,0.0,0.0,0.0,1,217.0,0.0,0,2.0,0,0,1,0,20.0,1,48000.0
2121469740,1,0,0.0,0.0,1.0,4.0,1,249.0,5.0,0,6.0,2,0,2,1,32.0,1,275000.0
9649964299,1,0,0.0,1.0,1.0,4.0,0,207.0,3.0,0,0.0,2,0,2,2,37.0,0,330000.0
4226607694,1,0,0.0,0.0,1.0,4.0,0,775.0,2.0,0,0.0,2,0,2,1,29.0,0,480000.0
7062861325,1,0,1.0,1.0,1.0,4.0,0,334.0,2.0,0,0.0,1,0,1,2,25.0,0,110000.0
2528750026,1,0,1.0,1.0,1.0,4.0,1,1340.0,3.0,0,0.0,0,1,1,0,25.0,0,48000.0
5433168922,1,0,0.0,1.0,1.0,4.0,0,1025.0,5.0,0,6.0,2,0,2,0,46.0,1,506000.0
9360194810,1,0,0.0,1.0,1.0,4.0,1,159.0,5.0,0,0.0,2,1,1,2,50.0,0,550000.0
3997325567,1,0,0.0,1.0,0.0,2.0,1,271.0,3.0,0,6.0,2,0,1,0,36.0,1,132000.0
6891187473,0,1,0.0,0.0,0.0,0.0,0,122.0,0.0,0,5.0,0,0,1,0,31.0,1,284415.299555
2583567580,1,0,0.0,1.0,1.0,4.0,0,202.0,5.0,0,1.0,3,0,1,1,38.0,1,284415.299555
9504924784,0,1,0.0,0.0,0.0,2.0,1,486.0,1.0,1,2.0,0,0,1,0,18.0,1,132000.0
2972009047,1,0,0.0,1.0,0.0,2.0,0,154.0,1.0,0,0.0,2,1,0,0,20.0,0,284415.299555
4609303188,1,0,0.0,1.0,1.0,4.0,0,470.0,5.0,1,0.0,2,1,2,1,40.0,0,330000.0
9611014004,0,1,0.0,1.0,1.0,4.0,0,63.0,5.0,1,6.0,0,0,2,0,31.5720207254,1,240000.0
7359680125,1,0,0.0,1.0,1.0,4.0,0,135.0,5.0,0,4.0,2,1,2,1,32.0,1,715000.0
1931231157,1,0,0.0,1.0,1.0,4.0,0,596.0,0.0,0,4.0,2,1,1,0,26.0,1,228250.0
2668523412,0,1,0.0,0.0,0.0,0.0,0,1240.0,0.0,0,1.0,0,0,1,0,20.0,1,103200.0
7503162837,1,0,0.0,0.0,1.0,4.0,0,237.0,4.0,0,5.0,1,1,1,1,33.0,1,168000.0
6604669502,1,0,0.0,1.0,1.0,4.0,1,372.0,4.0,0,0.0,0,1,2,3,33.0,0,77000.0
6307005446,1,0,0.0,1.0,1.0,4.0,1,445.0,1.0,0,3.0,2,0,0,2,33.0,1,144000.0
9046729670,0,1,1.0,1.0,0.0,2.0,0,275.0,1.0,0,2.0,0,0,1,0,21.0,1,57600.0
3422259391,1,0,0.0,0.0,0.0,0.0,0,392.0,5.0,0,4.0,0,0,1,0,25.0,1,284415.299555
6587788348,1,0,0.0,0.0,1.0,4.0,0,297.0,2.0,0,2.0,2,1,0,0,34.0,1,352000.0
1612135424,1,1,1.0,1.0,1.0,4.0,0,810.0,3.0,0,5.0,0,0,1,0,28.0,1,110000.0
6848523196,0,0,0.0,0.0,0.0,2.0,1,972.0,3.0,0,1.0,2,0,1,2,22.0,1,165000.0
4421592908,1,0,0.0,1.0,1.0,4.0,0,2855.0,5.0,0,3.0,2,0,2,1,26.0,1,242000.0
6674177866,1,0,0.0,0.0,1.0,4.0,0,427.0,2.0,1,6.0,2,1,2,1,28.0,1,396000.0
7959578837,1,0,0.0,0.0,1.0,4.0,1,712.0,4.0,0,0.0,2,1,1,0,26.0,0,220000.0
5849887456,0,1,0.0,1.0,1.0,4.0,1,209.0,4.0,0,0.0,2,0,2,1,36.0,0,284415.299555
2552675755,1,0,1.0,1.0,1.0,4.0,1,143.0,5.0,0,3.0,0,1,1,0,32.0,1,165000.0
8128789355,0,1,1.0,1.0,1.0,4.0,0,355.0,4.0,0,4.0,0,0,2,0,31.5720207254,1,297000.0
7899551322,0,1,0.0,1.0,1.0,4.0,0,539.0,5.0,0,0.0,1,1,2,1,35.0,0,385000.0
4552401360,0,1,0.0,0.0,0.0,2.0,0,463.0,1.0,0,3.0,0,0,1,0,25.0,1,165000.0
6288962292,1,0,1.0,1.0,1.0,4.0,0,292.0,5.0,0,6.0,2,0,1,1,47.0,1,284415.299555
7970308274,1,0,0.0,1.0,1.0,4.0,1,801.0,5.0,0,6.0,2,0,1,1,36.0,1,165000.0
5618080444,1,0,0.0,1.0,1.0,4.0,0,506.0,2.0,0,4.0,2,1,1,1,33.0,1,385000.0
1838953053,1,0,0.0,1.0,1.0,4.0,0,516.0,5.0,0,0.0,2,0,2,1,37.0,0,240000.0
9401390636,0,1,0.0,1.0,1.0,4.0,0,474.0,2.0,0,3.0,0,1,1,0,22.0,1,72000.0
8041467929,0,1,0.0,1.0,1.0,4.0,0,980.0,2.0,0,0.0,0,1,1,0,22.0,0,48000.0
3583731581,1,0,0.0,1.0,1.0,4.0,0,708.0,5.0,0,6.0,2,0,2,0,36.0,1,330000.0
7748166377,1,0,0.0,1.0,1.0,4.0,1,167.0,2.0,0,4.0,2,0,2,0,32.0,1,242000.0
2461249534,1,0,0.0,0.0,1.0,4.0,1,436.0,2.0,0,0.0,2,0,1,0,43.0,0,284415.299555
3110924673,0,1,0.0,1.0,1.0,4.0,0,254.0,3.0,1,6.0,0,0,1,0,33.0,1,385000.0
3107893674,1,0,1.0,1.0,1.0,4.0,0,387.0,2.0,0,0.0,2,0,1,0,29.0,0,96000.0
5736208977,1,0,0.0,1.0,1.0,4.0,0,267.0,1.0,1,5.0,0,0,1,1,29.0,1,240000.0
7762100560,1,0,0.0,1.0,0.0,4.0,1,201.0,1.0,0,2.0,0,0,1,0,36.0,1,480000.0
4991604311,1,0,0.0,1.0,1.0,4.0,0,224.0,5.0,0,0.0,1,1,2,1,42.0,0,192000.0
5833760454,1,0,0.0,1.0,1.0,4.0,1,160.0,5.0,0,6.0,2,1,2,1,30.0,1,48000.0
8720349802,1,0,1.0,1.0,1.0,4.0,0,1374.0,5.0,0,0.0,1,1,1,1,28.0,0,308000.0
5418329969,1,0,0.0,1.0,1.0,4.0,0,57.0,3.0,0,6.0,0,1,1,1,37.0,1,284415.299555
5514618037,1,0,0.0,1.0,1.0,4.0,1,129.0,0.0,0,3.0,2,0,0,2,32.0,1,279400.0
3955785772,1,0,0.0,1.0,1.0,4.0,0,997.0,5.0,0,2.0,2,1,0,1,33.0,1,396000.0
8115915015,1,0,0.0,1.0,1.0,4.0,0,505.0,1.0,0,2.0,0,0,1,1,36.0,1,770000.0
4166295326,1,0,0.0,0.0,1.0,4.0,0,1094.0,4.0,0,2.0,2,1,1,1,26.0,1,220000.0
8948179644,1,0,0.0,1.0,1.0,4.0,0,1879.0,2.0,0,4.0,2,1,1,2,31.0,1,385000.0
8838001754,0,0,0.0,1.0,1.0,4.0,0,3851.0,2.0,1,2.0,2,0,2,1,23.0,1,385000.0
5482790346,0,1,0.0,0.0,1.0,2.0,0,435.0,1.0,0,2.0,0,0,1,0,19.0,1,451200.0
7134462308,0,1,1.0,1.0,1.0,4.0,0,2727.0,4.0,0,0.0,2,1,2,1,31.0,0,220000.0
1047997155,1,0,0.0,1.0,1.0,5.0,0,616.0,0.0,0,0.0,2,0,2,0,23.0,0,55200.0
3381094541,1,0,0.0,1.0,1.0,4.0,0,861.0,5.0,0,6.0,2,0,1,1,43.0,1,319000.0
7258291810,1,0,0.0,0.0,1.0,4.0,0,213.0,5.0,0,0.0,1,1,2,1,36.0,0,550000.0
4572113844,1,0,1.0,1.0,1.0,4.0,0,456.0,5.0,0,6.0,1,0,2,1,39.0,1,198000.0
6819782604,1,0,0.0,1.0,0.0,2.0,1,167.0,0.0,0,6.0,2,1,2,1,46.0,1,132000.0
7054628663,1,0,0.0,0.0,1.0,4.0,0,1125.0,2.0,0,2.0,3,0,1,1,30.0,1,605000.0
3419190754,1,0,0.0,0.0,1.0,4.0,0,733.0,5.0,0,4.0,2,0,1,1,40.0,1,550000.0
5494244789,1,0,0.0,0.0,1.0,4.0,1,935.0,5.0,0,6.0,2,0,1,1,50.0,1,417186.0
5134405695,1,0,0.0,1.0,1.0,4.0,0,686.0,5.0,1,5.0,1,0,1,0,25.0,1,495000.0
7225933812,0,1,0.0,1.0,1.0,4.0,0,363.0,5.0,0,0.0,1,1,2,1,40.0,0,240000.0
3335172180,1,1,0.0,1.0,1.0,4.0,0,524.0,1.0,0,1.0,2,0,0,1,27.0,1,159500.0
8341793330,1,0,0.0,1.0,1.0,4.0,0,145.0,3.0,0,0.0,1,1,2,1,42.0,0,360000.0
8232732829,1,0,0.0,1.0,1.0,4.0,0,229.0,4.0,0,5.0,1,0,2,0,26.0,1,495000.0
3523225738,1,0,0.0,1.0,1.0,4.0,0,510.0,2.0,0,0.0,0,1,2,0,22.0,0,132000.0
7850063072,1,0,0.0,1.0,1.0,4.0,1,724.0,3.0,1,6.0,2,0,1,1,34.0,1,330000.0
5896978842,1,0,0.0,1.0,1.0,4.0,0,298.0,5.0,0,2.0,2,1,1,1,41.0,1,120000.0
3601132624,1,0,0.0,1.0,1.0,4.0,1,258.0,4.0,0,0.0,2,1,2,1,28.0,0,220000.0
3833162176,1,0,0.0,0.0,1.0,4.0,0,660.0,5.0,1,6.0,2,0,1,1,35.0,1,258500.0
4785949170,1,0,0.0,1.0,1.0,4.0,0,786.687690743,5.0,0,6.0,1,0,1,1,32.0,1,176000.0
8603630266,1,0,0.0,1.0,1.0,4.0,0,291.0,2.0,1,6.0,2,0,2,1,39.0,1,330000.0
1084690398,1,0,0.0,0.0,1.0,4.0,0,235.0,4.0,0,0.0,0,1,2,0,24.0,0,99000.0
6718085882,0,1,0.0,1.0,1.0,4.0,0,825.0,3.0,0,4.0,2,0,1,2,29.0,1,660000.0
2182911230,0,1,0.0,0.0,1.0,4.0,0,192.0,5.0,1,0.0,2,1,2,1,34.0,0,120000.0
5610431323,1,0,0.0,1.0,1.0,4.0,0,250.0,4.0,0,4.0,1,0,1,0,22.0,1,96000.0
3075741637,1,0,0.0,1.0,1.0,4.0,0,388.0,4.0,0,5.0,2,1,2,0,27.0,1,284415.299555
8258117248,1,0,0.0,1.0,1.0,4.0,0,811.0,2.0,0,4.0,2,1,2,1,28.0,1,840000.0
7272279612,0,1,0.0,0.0,1.0,4.0,0,558.0,0.0,0,4.0,2,0,2,0,28.0,1,825000.0
4645275853,1,0,0.0,1.0,1.0,5.0,0,1622.0,5.0,0,6.0,2,0,1,1,31.0,1,220000.0
4883971352,1,0,0.0,1.0,1.0,4.0,0,694.0,1.0,0,6.0,2,1,1,1,29.0,1,220000.0
5284029609,1,0,0.0,1.0,1.0,4.0,0,626.0,2.0,0,6.0,2,1,2,1,36.0,1,550000.0
4489754615,1,0,0.0,1.0,0.0,4.0,1,618.0,5.0,1,5.0,2,0,2,0,34.0,1,550000.0
9945630480,1,0,0.0,1.0,1.0,4.0,0,328.0,5.0,0,5.0,1,0,1,1,31.0,1,220000.0
7962463991,1,0,1.0,1.0,1.0,4.0,1,1467.0,0.0,0,0.0,2,1,1,1,27.0,0,284415.299555
9123965963,1,0,0.0,1.0,1.0,4.0,1,380.0,1.0,0,2.0,3,0,1,0,31.0,1,275000.0
3342477379,1,0,0.0,1.0,1.0,4.0,1,636.0,4.0,0,6.0,0,0,1,0,35.0,1,330000.0
3804528307,0,0,1.0,1.0,1.0,4.0,0,786.687690743,1.0,0,4.0,2,0,1,1,31.0,1,284415.299555
7717500506,0,1,0.0,0.0,0.0,2.0,1,482.0,4.0,0,5.0,0,1,1,0,28.0,1,192500.0
8145138919,1,0,1.0,1.0,1.0,5.0,0,1263.0,4.0,0,4.0,2,0,2,1,27.0,1,533500.0
2136127632,1,0,1.0,1.0,1.0,4.0,1,216.0,0.0,0,2.0,2,1,1,3,42.0,1,330000.0
8699204874,1,0,0.0,1.0,1.0,4.0,0,87.0,3.0,0,5.0,2,0,1,2,32.0,1,176000.0
9289420258,1,0,0.0,1.0,1.0,4.0,0,238.0,3.0,0,2.0,2,1,0,1,25.0,1,330000.0
9767557484,1,0,0.0,1.0,1.0,4.0,0,311.0,4.0,0,1.0,2,0,0,1,36.0,1,415800.0
5507647821,0,0,0.0,0.0,1.0,4.0,0,1524.0,5.0,1,6.0,1,0,1,1,31.0,1,352000.0
3884829185,1,1,1.0,1.0,0.0,4.0,1,278.0,5.0,0,3.0,0,0,1,0,31.0,1,440000.0
2954902920,0,1,0.0,1.0,1.0,4.0,0,1800.0,2.0,0,3.0,2,1,1,0,29.0,1,495000.0
2010370470,1,0,1.0,1.0,1.0,4.0,0,446.0,5.0,0,6.0,1,1,1,1,32.0,1,275000.0
1884909893,1,0,1.0,1.0,0.0,4.0,1,1642.0,5.0,0,4.0,2,0,0,0,34.0,1,220000.0
5281600996,1,0,1.0,0.0,1.0,4.0,0,246.0,5.0,1,6.0,2,0,2,1,34.0,1,284415.299555
8291626998,0,1,1.0,1.0,1.0,4.0,0,390.0,0.0,0,3.0,0,1,0,0,26.0,1,275000.0
7483594912,1,0,0.0,1.0,1.0,4.0,0,32.0,5.0,0,0.0,1,1,1,1,32.0,0,192000.0
4733088866,1,0,0.0,1.0,1.0,4.0,1,384.0,5.0,1,6.0,2,0,2,1,50.0,1,253000.0
7444746096,1,0,0.0,1.0,0.0,2.0,0,230.0,1.0,0,1.0,0,0,1,0,20.0,1,120000.0
6896652654,1,0,1.0,0.0,1.0,4.0,1,808.0,5.0,1,4.0,2,1,1,1,30.0,1,385000.0
7547786426,0,0,0.0,1.0,1.0,4.0,0,613.0,5.0,0,0.0,2,0,2,1,26.0,0,330000.0
3188570699,1,0,0.0,1.0,1.0,4.0,0,4999.0,4.0,1,1.0,2,1,2,1,32.0,1,209000.0
2764011037,0,1,1.0,1.0,1.0,4.0,0,620.0,5.0,0,5.0,2,1,1,1,26.0,1,660000.0
2606114764,1,0,0.0,1.0,1.0,4.0,1,2445.0,5.0,0,6.0,2,0,1,0,42.0,1,330000.0
2683538279,1,0,1.0,1.0,1.0,4.0,0,616.0,5.0,0,6.0,0,1,1,0,37.0,1,108000.0
6406939440,0,1,0.0,1.0,1.0,4.0,0,384.0,0.0,0,6.0,1,1,2,1,31.0,1,275000.0
7445827446,1,0,0.0,0.0,1.0,4.0,0,3085.0,5.0,1,6.0,2,0,2,1,39.0,1,338250.0
7839108662,0,1,0.0,1.0,1.0,4.0,0,630.0,5.0,0,5.0,0,0,2,0,31.0,1,330000.0
4943128258,0,1,0.0,1.0,0.0,2.0,0,965.0,1.0,0,1.0,0,0,1,0,22.0,1,27500.0
1557417067,1,0,0.0,1.0,1.0,4.0,1,316.0,4.0,0,0.0,1,1,2,0,33.0,0,550000.0
3567588210,1,0,1.0,1.0,1.0,4.0,0,533.0,3.0,0,0.0,2,0,1,1,46.0,0,96000.0
9854161442,0,1,1.0,1.0,0.0,4.0,0,781.0,1.0,0,0.0,0,0,1,0,31.5720207254,0,24000.0
9981142125,1,0,1.0,1.0,1.0,4.0,0,408.0,5.0,1,6.0,1,0,2,1,47.0,1,284415.299555
9263351105,1,0,0.0,1.0,1.0,4.0,0,91.0,5.0,0,3.0,2,0,1,2,27.0,1,506000.0
7650974066,1,0,0.0,1.0,1.0,4.0,1,308.0,1.0,0,2.0,2,0,1,0,29.0,1,220000.0
4058888009,1,0,0.0,0.0,1.0,4.0,0,559.0,5.0,1,0.0,2,0,2,1,36.0,0,550000.0
8948452846,1,0,0.0,1.0,1.0,4.0,1,736.0,2.0,0,0.0,0,1,1,0,22.0,0,110000.0
2751143085,1,0,0.0,1.0,1.0,4.0,0,1190.0,1.0,0,2.0,1,0,2,1,27.0,1,231000.0
8210865312,1,0,0.0,1.0,1.0,4.0,0,561.0,5.0,1,6.0,2,1,2,1,38.0,1,550000.0
4901712280,0,1,0.0,1.0,1.0,4.0,0,608.0,1.0,0,2.0,2,1,1,0,28.0,1,330000.0
5345006498,1,0,0.0,0.0,0.0,2.0,0,840.0,5.0,0,6.0,2,0,1,0,52.0,1,660000.0
3394363896,0,1,0.0,1.0,1.0,4.0,0,702.0,5.0,1,5.0,2,0,1,0,34.0,1,168000.0
7093035860,1,0,0.0,1.0,0.0,2.0,1,35.0,5.0,0,6.0,0,0,2,0,40.0,1,192000.0
3480756825,0,1,1.0,0.0,0.0,4.0,0,1824.0,3.0,0,4.0,0,0,1,0,31.5720207254,1,165000.0
6356967879,1,0,0.0,1.0,1.0,5.0,1,160.0,3.0,0,5.0,2,0,1,2,30.0,1,660000.0
3679328472,1,0,1.0,0.0,1.0,4.0,0,2232.0,3.0,0,3.0,2,1,1,0,22.0,1,284415.299555
9047422306,0,1,0.0,0.0,1.0,4.0,0,423.0,0.0,0,0.0,0,0,1,0,23.0,0,25300.0
7083488094,1,0,0.0,0.0,1.0,4.0,0,80.0,5.0,0,6.0,1,0,2,1,40.0,1,385000.0
5410424023,1,0,0.0,1.0,1.0,4.0,1,2192.0,1.0,0,0.0,2,0,2,0,27.0,0,220000.0
3519636844,1,0,1.0,0.0,1.0,4.0,0,234.0,5.0,0,6.0,2,0,2,0,35.0,1,374000.0
4902519125,1,0,1.0,1.0,1.0,4.0,1,58.0,2.0,0,2.0,2,0,1,1,34.0,1,187000.0
4869342318,1,0,0.0,1.0,1.0,4.0,0,233.0,3.0,0,0.0,2,1,2,1,26.0,0,96000.0
2894538443,1,0,0.0,1.0,0.0,4.0,0,226.0,5.0,1,6.0,2,1,2,1,43.0,1,561000.0
7044315204,1,0,0.0,1.0,1.0,4.0,0,291.0,3.0,0,3.0,2,0,1,0,36.0,1,253000.0
1289196041,1,0,0.0,1.0,1.0,4.0,0,235.0,5.0,0,0.0,0,1,2,0,26.0,0,120000.0
4899445636,1,0,0.0,1.0,1.0,4.0,0,314.0,5.0,0,6.0,2,1,1,1,36.0,1,99000.0
3933368676,0,1,0.0,1.0,1.0,4.0,1,158.0,3.0,0,3.0,1,0,2,0,30.0,1,96000.0
7349042414,1,0,0.0,1.0,1.0,5.0,0,545.0,2.0,0,6.0,1,0,2,2,34.0,1,363000.0
3449899345,1,1,0.0,1.0,1.0,4.0,1,55.0,3.0,1,0.0,2,0,1,1,30.0,0,284415.299555
6219345623,0,1,0.0,0.0,0.0,0.0,1,219.0,3.0,0,4.0,0,1,2,0,38.0,1,220000.0
8361684012,1,0,0.0,1.0,1.0,4.0,1,205.0,3.0,0,0.0,2,1,0,1,27.0,0,284415.299555
9725100582,1,0,0.0,1.0,0.0,2.0,0,120.0,5.0,1,6.0,0,0,1,0,18.0,1,495000.0
3278293306,0,1,0.0,0.0,0.0,2.0,0,140.0,5.0,1,2.0,0,0,0,0,31.5720207254,1,198000.0
2451912502,0,1,0.0,1.0,1.0,4.0,0,1891.0,5.0,0,4.0,2,1,2,1,26.0,1,120000.0
4167056538,0,1,0.0,1.0,1.0,4.0,0,960.0,4.0,1,3.0,0,1,2,0,31.5720207254,1,385000.0
5571509882,1,0,0.0,1.0,1.0,4.0,0,107.0,2.0,0,6.0,1,1,1,0,27.0,1,172800.0
2191396226,1,0,0.0,1.0,1.0,4.0,0,522.0,5.0,1,2.0,2,0,2,1,46.0,1,480000.0
2037137184,1,1,1.0,0.0,0.0,4.0,0,303.0,5.0,1,0.0,1,1,1,1,42.0,0,360000.0
2535886983,1,0,0.0,0.0,1.0,4.0,0,135.0,5.0,0,4.0,2,0,2,1,35.0,1,682000.0
5825472282,0,1,0.0,0.0,0.0,2.0,0,345.0,4.0,0,2.0,0,0,1,0,28.0,1,120000.0
8201813416,1,0,0.0,1.0,1.0,4.0,0,230.0,5.0,1,0.0,0,0,2,1,43.0,0,275000.0
1704712487,1,0,1.0,0.0,1.0,4.0,0,600.0,2.0,0,6.0,0,1,1,0,31.0,1,44000.0
1716829174,0,1,0.0,1.0,1.0,4.0,0,1251.0,1.0,0,0.0,1,1,2,0,23.0,0,48000.0
8165102081,0,1,1.0,0.0,0.0,4.0,1,501.0,2.0,0,3.0,0,0,2,0,20.0,1,72000.0
9927346812,1,0,1.0,1.0,1.0,4.0,0,803.0,1.0,0,2.0,2,1,1,0,30.0,1,649000.0
6181698436,1,0,0.0,1.0,1.0,4.0,0,820.0,4.0,0,5.0,1,0,2,1,38.0,1,132000.0
3584380224,1,0,1.0,0.0,1.0,4.0,1,465.0,0.0,0,2.0,0,0,1,0,23.0,1,720000.0
4212164517,1,0,0.0,1.0,1.0,5.0,0,3881.0,2.0,0,1.0,2,0,2,1,35.0,1,275000.0
3337427873,1,0,0.0,1.0,1.0,4.0,1,54.0,5.0,1,0.0,1,0,1,1,25.0,0,165000.0
5348003279,1,0,1.0,1.0,1.0,4.0,0,1026.0,5.0,0,0.0,1,0,2,1,28.0,0,480000.0
5936413151,1,0,0.0,1.0,1.0,4.0,0,1048.0,1.0,0,2.0,2,0,1,1,27.0,1,264000.0
3460588992,1,0,1.0,1.0,1.0,4.0,0,809.0,4.0,0,3.0,2,0,2,1,22.0,1,825000.0
1512836830,1,0,1.0,1.0,1.0,4.0,1,489.0,5.0,0,3.0,0,1,1,0,31.5720207254,1,319000.0
6060950564,1,0,0.0,1.0,1.0,4.0,0,448.0,5.0,0,4.0,2,1,2,0,39.0,1,284415.299555
4447877474,1,0,0.0,1.0,1.0,4.0,0,99.0,1.0,0,0.0,2,0,0,0,27.0,0,96000.0
3449728273,1,0,0.0,0.0,1.0,4.0,0,2749.0,3.0,0,6.0,1,1,1,1,44.0,1,165000.0
6124720801,1,0,1.0,1.0,1.0,4.0,1,544.0,4.0,0,2.0,2,1,1,1,26.0,1,72000.0
1309607936,0,1,1.0,1.0,0.0,4.0,1,4459.0,5.0,0,2.0,2,0,1,0,23.0,1,275000.0
5406406018,1,1,0.0,1.0,1.0,4.0,1,302.0,3.0,0,1.0,2,0,2,0,21.0,1,93500.0
2609792976,0,1,0.0,0.0,1.0,4.0,1,782.0,3.0,0,3.0,0,1,0,0,23.0,1,268800.0
8397994357,0,1,0.0,0.0,0.0,0.0,1,174.0,0.0,0,1.0,0,0,2,0,20.0,1,168000.0
8210123264,1,0,1.0,1.0,1.0,4.0,0,189.0,4.0,0,6.0,1,0,1,1,23.0,1,120000.0
1672596057,0,1,1.0,0.0,1.0,4.0,0,1442.0,3.0,0,4.0,0,1,1,0,25.0,1,96000.0
1424189176,1,0,0.0,1.0,1.0,4.0,0,552.0,1.0,0,4.0,2,0,1,1,32.0,1,330000.0
3603689368,1,0,0.0,0.0,1.0,4.0,0,461.0,5.0,0,6.0,1,0,1,0,31.0,1,360000.0
2235447216,1,0,0.0,1.0,1.0,4.0,1,1268.0,5.0,0,4.0,2,1,0,2,30.0,1,384000.0
4437592008,1,0,0.0,1.0,1.0,4.0,1,1610.0,5.0,0,4.0,1,0,1,0,24.0,1,275000.0
6897561002,0,1,0.0,0.0,0.0,2.0,0,416.0,2.0,0,4.0,0,0,1,0,17.0,1,120000.0
5095473176,1,0,0.0,1.0,1.0,4.0,0,779.0,5.0,0,6.0,2,1,2,1,35.0,1,284415.299555
7812481370,1,1,0.0,1.0,1.0,4.0,0,207.0,5.0,0,0.0,2,0,2,1,33.0,0,330000.0
1757809206,0,0,0.0,0.0,0.0,2.0,0,1219.0,5.0,0,0.0,2,0,2,2,22.0,0,110000.0
7210723238,1,0,0.0,1.0,1.0,4.0,0,723.0,5.0,1,6.0,1,1,1,1,36.0,1,275000.0
3814425270,0,0,0.0,1.0,1.0,4.0,1,310.0,2.0,0,3.0,1,0,0,1,28.0,1,110000.0
7955562566,1,0,0.0,1.0,1.0,4.0,0,679.0,5.0,0,2.0,2,0,1,1,31.5720207254,1,385000.0
8082067022,1,0,0.0,1.0,1.0,4.0,0,1118.0,5.0,1,2.0,0,0,2,0,22.0,1,330000.0
3521134186,1,0,0.0,1.0,1.0,4.0,0,520.0,4.0,0,6.0,2,1,1,1,27.0,1,165000.0
9504846186,0,1,0.0,1.0,0.0,2.0,0,405.0,2.0,0,3.0,0,0,1,0,26.0,1,165000.0
1307595846,0,1,1.0,0.0,1.0,4.0,0,424.0,2.0,0,2.0,2,0,2,0,46.0,1,165000.0
7459525133,1,0,0.0,1.0,1.0,4.0,0,219.0,4.0,0,4.0,2,0,2,1,31.0,1,550000.0
6295166250,0,1,0.0,1.0,0.0,2.0,0,1361.0,4.0,1,3.0,0,0,0,0,23.0,1,77000.0
3149006688,1,0,0.0,1.0,1.0,4.0,0,738.0,4.0,0,6.0,2,1,2,0,31.0,1,88000.0
7989328264,1,0,0.0,1.0,1.0,4.0,0,2721.0,5.0,0,0.0,1,1,1,1,28.0,0,360000.0
1987351715,1,0,0.0,1.0,1.0,4.0,0,34.0,5.0,0,6.0,0,0,2,0,36.0,1,88000.0
8345153046,1,0,0.0,1.0,1.0,4.0,1,478.0,0.0,0,6.0,2,0,2,3,50.0,1,605000.0
6932669121,1,0,0.0,0.0,1.0,4.0,0,922.0,4.0,0,4.0,1,0,2,1,27.0,1,201630.0
5631408893,0,1,0.0,1.0,1.0,4.0,0,1288.0,2.0,0,6.0,2,0,2,1,37.0,1,284415.299555
9448433849,0,1,0.0,1.0,1.0,4.0,0,41.0,5.0,1,3.0,2,1,2,0,31.0,1,225500.0
4264763102,1,0,0.0,1.0,1.0,4.0,0,395.0,5.0,0,0.0,2,0,1,1,45.0,0,583000.0
1135111501,1,1,0.0,0.0,0.0,0.0,1,1060.0,1.0,0,2.0,0,1,1,0,20.0,1,284415.299555
6456476162,0,1,0.0,0.0,0.0,2.0,1,437.0,2.0,0,4.0,0,0,1,0,25.0,1,770000.0
9921434346,1,0,0.0,1.0,1.0,4.0,0,112.0,5.0,1,0.0,1,0,2,1,45.0,0,720000.0
7833101639,0,1,0.0,0.0,1.0,4.0,0,3185.0,4.0,0,6.0,2,0,2,0,36.0,1,902000.0
8141294915,1,0,0.0,1.0,1.0,2.0,1,4279.0,0.0,0,1.0,0,0,1,0,21.0,1,275000.0
6480595561,1,0,0.0,1.0,1.0,4.0,0,237.0,1.0,0,0.0,2,0,2,3,50.0,0,330000.0
8394030931,1,0,0.0,1.0,0.0,4.0,1,226.0,5.0,0,6.0,0,1,1,0,33.0,1,220000.0
1635947875,1,0,0.0,1.0,1.0,5.0,0,980.0,5.0,1,5.0,2,1,1,0,24.0,1,120000.0
6540127756,1,0,1.0,1.0,0.0,4.0,0,247.0,4.0,0,6.0,2,1,1,1,45.0,1,772200.0
7734209346,0,1,0.0,1.0,1.0,4.0,0,408.0,2.0,0,6.0,0,1,2,0,43.0,1,284415.299555
9545294644,1,0,0.0,0.0,0.0,0.0,0,147.0,0.0,0,3.0,0,1,2,0,31.0,1,104500.0
5907430016,1,0,0.0,0.0,1.0,4.0,0,280.0,5.0,1,6.0,2,0,1,1,40.0,1,284415.299555
7330824170,0,1,0.0,1.0,1.0,4.0,1,1919.0,2.0,0,3.0,1,0,1,0,23.0,1,110000.0
4476235367,1,0,1.0,1.0,1.0,5.0,0,271.0,1.0,0,2.0,2,0,2,1,30.0,1,110000.0
4652588050,1,0,0.0,1.0,1.0,4.0,1,1180.0,4.0,0,6.0,0,1,1,0,31.0,1,330000.0
8470817553,1,0,0.0,1.0,1.0,4.0,1,796.0,0.0,0,3.0,0,0,1,0,25.0,1,154000.0
2105390081,1,0,0.0,1.0,0.0,2.0,1,59.0,5.0,1,6.0,2,1,2,1,38.0,1,401500.0
6825205022,1,0,0.0,1.0,0.0,4.0,0,999.0,5.0,1,4.0,2,0,1,0,28.0,1,165000.0
7108459544,1,0,0.0,1.0,1.0,4.0,0,3710.0,2.0,0,6.0,2,0,0,2,31.0,1,165000.0
5051613304,0,1,0.0,1.0,1.0,4.0,0,924.0,4.0,0,4.0,2,0,1,1,24.0,1,176000.0
3576021824,1,0,0.0,1.0,1.0,5.0,1,729.0,2.0,0,3.0,3,0,2,0,27.0,1,330000.0
4646477741,1,0,0.0,1.0,1.0,4.0,0,384.0,3.0,0,4.0,2,0,1,0,30.0,1,165000.0
1066585922,0,1,0.0,1.0,1.0,4.0,0,432.0,5.0,0,3.0,2,0,0,1,31.0,1,330000.0
5373890168,0,1,0.0,1.0,1.0,4.0,1,772.0,2.0,0,2.0,2,0,1,2,28.0,1,220000.0
9200350130,0,1,0.0,0.0,0.0,2.0,0,2363.0,2.0,0,4.0,0,0,1,0,31.5720207254,1,384000.0
9228116233,1,0,0.0,1.0,1.0,4.0,0,408.0,4.0,0,6.0,2,0,2,0,30.0,1,440000.0
2278919539,0,1,1.0,0.0,1.0,4.0,1,2336.0,1.0,0,1.0,0,1,2,0,24.0,1,253000.0
1010631054,1,0,0.0,1.0,1.0,4.0,1,498.0,5.0,0,0.0,2,0,1,0,27.0,0,284415.299555
3759423303,1,0,0.0,1.0,1.0,4.0,0,234.0,5.0,0,4.0,2,0,0,1,30.0,1,330000.0
7356239267,1,1,0.0,0.0,1.0,4.0,0,272.0,5.0,0,6.0,2,0,2,1,47.0,1,284415.299555
6980434746,1,0,0.0,1.0,1.0,4.0,0,403.0,3.0,0,3.0,2,0,2,1,35.0,1,284415.299555
4345724251,0,1,0.0,0.0,0.0,0.0,0,88.0,4.0,0,1.0,0,0,2,0,34.0,1,724350.0
3379597805,1,0,0.0,1.0,1.0,4.0,1,304.0,3.0,0,0.0,2,0,1,1,25.0,0,110000.0
5801463353,1,0,0.0,0.0,1.0,4.0,1,1044.0,5.0,0,0.0,2,1,2,0,31.5720207254,0,192000.0
3116973938,1,0,0.0,1.0,1.0,4.0,1,4705.0,5.0,1,0.0,2,0,1,1,43.0,0,330000.0
1907063151,1,0,0.0,1.0,1.0,4.0,1,213.0,5.0,1,0.0,2,0,1,1,33.0,0,330000.0
8466486442,1,0,0.0,1.0,1.0,4.0,1,120.0,5.0,0,0.0,1,1,2,1,31.0,0,240000.0
2158215982,1,0,0.0,1.0,1.0,4.0,1,116.0,5.0,1,0.0,1,1,2,1,51.0,0,220000.0
1532148947,1,0,0.0,1.0,0.0,2.0,0,1528.0,2.0,0,0.0,1,1,2,1,28.0,0,504000.0
4974853726,1,0,0.0,1.0,1.0,4.0,0,360.0,4.0,0,5.0,2,0,1,1,32.0,1,264000.0
3096445519,1,0,0.0,1.0,1.0,4.0,0,1273.0,5.0,0,3.0,1,0,1,1,32.0,1,240000.0
8994467797,0,1,0.0,0.0,0.0,0.0,1,662.0,2.0,1,4.0,0,0,2,0,21.0,1,76800.0
4032452127,1,0,0.0,0.0,1.0,4.0,0,547.0,4.0,0,0.0,2,0,2,1,26.0,0,330000.0
8406400743,0,1,0.0,0.0,0.0,2.0,0,813.0,0.0,0,1.0,0,0,2,0,24.0,1,480000.0
9578209515,1,0,0.0,1.0,1.0,4.0,0,5000.0,5.0,1,6.0,1,1,2,0,35.0,1,616000.0
3751323480,1,0,0.0,1.0,1.0,4.0,0,250.0,5.0,1,6.0,1,0,0,1,50.0,1,220000.0
5958664143,0,1,0.0,0.0,0.0,0.0,0,148.0,3.0,0,3.0,0,0,1,0,22.0,1,220000.0
2693128770,0,1,0.0,0.0,1.0,4.0,0,362.0,2.0,0,1.0,0,0,1,0,25.0,1,237600.0
9881053673,1,0,1.0,1.0,1.0,4.0,0,132.0,1.0,0,6.0,0,1,1,0,75.0,1,19800.0
6386473095,1,0,0.0,1.0,0.0,4.0,1,559.0,3.0,0,6.0,0,0,1,0,30.0,1,72000.0
8357321273,1,0,1.0,1.0,1.0,4.0,0,93.0,5.0,0,6.0,2,0,1,0,41.0,1,275000.0
5468470748,0,1,0.0,1.0,1.0,4.0,1,302.0,1.0,0,2.0,0,0,2,0,25.0,1,360000.0
1295557792,1,0,0.0,1.0,1.0,4.0,0,1433.0,4.0,0,4.0,1,1,2,1,31.0,1,132000.0
4613150895,1,0,0.0,1.0,1.0,4.0,0,603.0,2.0,0,0.0,2,1,1,0,25.0,0,288000.0
2269998618,1,0,0.0,1.0,1.0,4.0,0,1976.0,5.0,0,6.0,2,1,1,0,28.0,1,385000.0
2046310222,1,0,0.0,1.0,1.0,4.0,0,943.0,0.0,0,0.0,0,0,2,0,28.0,0,120000.0
6298599815,1,0,0.0,1.0,1.0,4.0,1,2028.0,3.0,0,0.0,2,0,1,0,24.0,0,165000.0
6975724414,1,0,1.0,1.0,1.0,4.0,1,8.0,2.0,0,0.0,1,0,1,1,36.0,0,284415.299555
2772007373,0,0,0.0,1.0,1.0,4.0,0,93.0,5.0,0,0.0,1,0,2,1,39.0,0,168000.0
9792719672,1,0,0.0,1.0,1.0,4.0,1,218.0,4.0,0,6.0,2,0,2,1,38.0,1,528000.0
2974664625,1,0,0.0,1.0,1.0,4.0,0,299.0,3.24217961655,0,0.0,0,0,1,0,28.0,0,284415.299555
7269987518,1,0,0.0,1.0,1.0,4.0,1,245.0,3.0,0,6.0,2,0,1,0,33.0,1,605000.0
9137438176,1,0,0.0,1.0,1.0,4.0,0,901.0,5.0,0,0.0,2,1,2,1,31.0,0,120000.0
1433787755,0,1,0.0,1.0,1.0,4.0,0,1808.0,5.0,1,0.0,2,0,2,0,21.0,0,27500.0
4954349033,0,0,0.0,1.0,1.0,4.0,0,419.0,5.0,0,4.0,2,0,2,1,34.0,1,396000.0
1440291623,0,1,1.0,0.0,1.0,4.0,0,183.0,2.0,0,2.0,2,1,2,1,37.0,1,88000.0
5253564370,0,1,0.0,1.0,1.0,4.0,0,188.0,5.0,0,0.0,2,1,2,1,29.0,0,120000.0
5334896838,1,1,1.0,0.0,0.0,2.0,0,557.0,3.24217961655,0,0.0,0,0,0,0,34.0,0,284415.299555
9714859999,1,0,1.0,0.0,1.0,4.0,0,468.0,3.0,0,0.0,2,0,1,1,31.0,0,330000.0
1537358892,1,0,0.0,1.0,1.0,4.0,0,232.0,5.0,0,5.0,2,1,2,1,39.0,1,385000.0
2017422091,1,0,0.0,1.0,1.0,4.0,0,147.0,5.0,0,5.0,2,0,2,1,32.0,1,715000.0
3457818790,1,0,0.0,1.0,1.0,4.0,0,826.0,5.0,0,0.0,2,1,2,0,23.0,0,192000.0
2300851247,1,0,1.0,1.0,1.0,4.0,1,280.0,5.0,0,6.0,2,0,1,1,30.0,1,330000.0
1892163498,0,1,0.0,0.0,0.0,0.0,0,3454.0,2.0,0,4.0,0,0,2,0,31.5720207254,1,432000.0
8195370829,1,0,1.0,0.0,1.0,4.0,0,440.0,3.0,0,6.0,1,0,1,0,34.0,1,110000.0
1229057799,1,0,0.0,1.0,1.0,4.0,0,776.0,5.0,1,6.0,2,0,2,2,27.0,1,231000.0
3307407390,0,1,0.0,1.0,1.0,4.0,0,2017.0,4.0,0,6.0,0,0,0,0,32.0,1,495000.0
4540051772,1,0,0.0,1.0,1.0,4.0,0,324.0,5.0,1,0.0,1,1,2,1,37.0,0,66000.0
9477378963,0,1,0.0,0.0,0.0,2.0,0,980.0,5.0,0,0.0,0,0,1,0,20.0,0,48000.0
5732259298,0,1,1.0,1.0,1.0,4.0,1,393.0,5.0,0,5.0,2,1,1,1,25.0,1,220000.0
8315543219,1,0,1.0,0.0,1.0,4.0,0,500.0,5.0,0,6.0,2,0,1,0,48.0,1,440000.0
8451978998,1,0,0.0,1.0,1.0,4.0,1,667.0,4.0,0,5.0,2,0,1,1,33.0,1,275000.0
6724414152,1,0,0.0,1.0,1.0,4.0,0,3232.0,5.0,1,6.0,2,1,2,1,33.0,1,144000.0
4094268919,1,0,0.0,0.0,1.0,4.0,0,920.0,4.0,0,6.0,1,0,1,1,24.0,1,242000.0
5783698569,1,0,0.0,1.0,1.0,4.0,0,567.0,5.0,0,6.0,2,0,1,0,39.0,1,284415.299555
1581673854,1,0,0.0,1.0,1.0,4.0,0,160.0,5.0,0,6.0,2,0,1,1,57.0,1,77000.0
1121771521,1,0,0.0,1.0,1.0,4.0,0,296.0,5.0,0,0.0,1,0,2,0,19.0,0,144000.0
2516578297,1,0,1.0,0.0,1.0,4.0,0,855.0,2.0,0,2.0,2,1,1,3,32.0,1,220000.0
9566466816,1,0,0.0,1.0,1.0,4.0,1,78.0,5.0,0,4.0,2,1,0,0,26.0,1,240000.0
4050513050,1,0,1.0,0.0,1.0,4.0,0,1863.0,2.0,0,3.0,2,1,1,1,33.0,1,168000.0
5495666685,1,0,1.0,0.0,1.0,4.0,0,551.0,4.0,1,4.0,1,1,2,1,38.0,1,288000.0
7278699629,0,1,0.0,1.0,1.0,4.0,0,1554.0,1.0,0,0.0,2,0,1,0,23.0,0,360000.0
5523890760,0,1,1.0,1.0,1.0,4.0,0,422.0,3.0,0,0.0,1,1,1,1,35.0,0,165000.0
1707284761,0,1,1.0,1.0,0.0,4.0,0,245.0,3.0,1,6.0,2,1,1,1,30.0,1,253000.0
4078124092,1,0,0.0,1.0,1.0,4.0,0,211.0,2.0,1,0.0,1,0,1,1,28.0,0,220000.0
1464733109,1,0,0.0,1.0,1.0,4.0,0,200.0,3.0,0,6.0,1,1,1,1,41.0,1,385000.0
1174725935,1,0,0.0,1.0,1.0,4.0,0,786.687690743,5.0,0,0.0,1,0,2,1,42.0,0,192000.0
4105742558,1,0,0.0,1.0,0.0,2.0,1,374.0,4.0,0,6.0,0,0,0,0,74.0,1,132000.0
7875034267,1,0,0.0,1.0,1.0,5.0,1,599.0,3.0,1,5.0,2,0,2,0,26.0,1,880000.0
4336726880,1,0,0.0,1.0,1.0,4.0,0,666.0,5.0,0,0.0,2,1,1,0,35.0,0,284415.299555
5517830861,1,0,0.0,1.0,1.0,4.0,0,60.0,4.0,0,0.0,1,0,1,1,43.0,0,360000.0
2455988976,1,0,0.0,0.0,1.0,4.0,0,2133.0,2.0,0,0.0,2,0,2,1,36.0,0,330000.0
1649825327,1,0,0.0,0.0,1.0,4.0,0,66.0,5.0,0,6.0,2,0,1,1,42.0,1,220000.0
2647495124,0,1,1.0,0.0,1.0,4.0,0,2036.0,5.0,1,0.0,3,0,0,0,34.0,0,284415.299555
7907830040,1,0,1.0,0.0,0.0,4.0,1,88.0,5.0,0,0.0,2,1,2,1,36.0,0,284415.299555
1810141165,0,0,1.0,1.0,1.0,4.0,0,786.687690743,2.0,0,2.0,2,0,1,1,34.0,1,284415.299555
5626937841,1,0,0.0,1.0,1.0,4.0,0,103.0,4.0,0,0.0,1,1,0,1,29.0,0,88000.0
7312055154,1,0,0.0,1.0,1.0,4.0,0,560.0,4.0,0,0.0,2,0,2,0,23.0,0,440000.0
7573861449,1,0,0.0,1.0,1.0,4.0,1,489.0,2.0,0,2.0,0,0,1,0,28.0,1,120000.0
4473052530,0,0,0.0,1.0,1.0,4.0,0,786.687690743,4.0,0,6.0,1,0,2,1,32.0,1,385000.0
7589645523,1,0,1.0,0.0,1.0,4.0,1,385.0,1.0,0,2.0,2,0,1,2,25.0,1,517000.0
9386396081,1,0,0.0,1.0,1.0,4.0,1,283.0,5.0,0,0.0,1,1,1,1,45.0,0,330000.0
6461406501,0,1,1.0,1.0,1.0,4.0,0,1048.0,1.0,0,2.0,0,1,2,0,24.0,1,156000.0
3341030922,1,0,0.0,0.0,1.0,4.0,0,786.687690743,1.0,0,1.0,1,1,1,0,27.0,1,275000.0
8098697604,1,1,1.0,0.0,1.0,4.0,0,310.0,2.0,0,0.0,1,0,0,2,27.0,0,165000.0
5555593102,1,0,1.0,1.0,1.0,4.0,0,2645.0,5.0,0,6.0,1,0,1,1,38.0,1,385000.0
4578202269,1,0,0.0,0.0,1.0,4.0,1,165.0,4.0,0,6.0,1,0,2,0,39.0,1,220000.0
1983538252,1,0,0.0,1.0,1.0,4.0,1,2774.0,5.0,0,6.0,0,1,2,0,36.0,1,360000.0
1361970426,1,0,0.0,1.0,1.0,4.0,1,279.0,3.24217961655,0,0.0,0,1,1,0,28.0,0,284415.299555
3913744037,1,0,0.0,1.0,1.0,4.0,1,297.0,5.0,0,0.0,2,0,2,1,28.0,0,144000.0
6972053524,0,0,0.0,0.0,1.0,4.0,0,197.0,5.0,0,6.0,2,0,2,0,32.0,1,110000.0
5579357593,0,0,0.0,1.0,1.0,4.0,0,274.0,5.0,0,0.0,2,1,1,0,28.0,0,284415.299555
6059655032,1,0,0.0,1.0,1.0,4.0,0,1664.0,5.0,1,6.0,1,1,2,1,39.0,1,240000.0
2515000128,1,0,1.0,1.0,1.0,4.0,1,270.0,3.0,1,2.0,0,1,1,0,28.0,1,187000.0
4421733789,0,1,1.0,1.0,1.0,4.0,1,1761.0,2.0,0,2.0,0,0,2,0,22.0,1,440000.0
7659385387,1,0,1.0,0.0,1.0,4.0,0,851.0,3.0,1,3.0,2,1,2,1,32.0,1,440000.0
6680195461,0,1,1.0,0.0,1.0,4.0,0,206.0,5.0,1,6.0,1,0,1,1,42.0,1,330000.0
9821765598,1,0,0.0,1.0,0.0,2.0,0,2143.0,2.0,0,2.0,0,0,2,0,27.0,1,192500.0
8845067238,1,0,0.0,1.0,1.0,4.0,0,160.0,1.0,1,3.0,0,1,1,0,28.0,1,220000.0
1048099395,0,1,0.0,0.0,1.0,4.0,0,470.0,5.0,1,0.0,2,0,1,1,37.0,0,550000.0
6851045436,1,0,0.0,1.0,1.0,4.0,1,2636.0,0.0,1,1.0,2,1,1,2,25.0,1,418000.0
6551180719,0,1,0.0,0.0,0.0,0.0,0,739.0,2.0,1,4.0,0,0,1,0,31.5720207254,1,264000.0
3577835738,0,1,1.0,1.0,1.0,4.0,1,400.0,2.0,0,4.0,0,0,1,0,31.5720207254,1,220000.0
3427309387,1,0,0.0,1.0,1.0,4.0,0,991.0,0.0,0,1.0,2,1,2,1,30.0,1,495000.0
2990471607,1,0,0.0,1.0,1.0,4.0,0,256.0,5.0,1,6.0,2,0,2,1,31.0,1,660000.0
4712104880,0,1,0.0,0.0,0.0,2.0,1,691.0,3.0,0,0.0,1,0,0,2,29.0,0,72000.0
4498792920,0,1,1.0,0.0,1.0,4.0,1,619.0,0.0,0,0.0,2,0,1,3,43.0,0,284415.299555
7232432889,1,0,1.0,1.0,1.0,4.0,0,575.0,2.0,0,6.0,1,1,0,1,31.0,1,165000.0
2830334836,1,0,0.0,1.0,0.0,2.0,0,2682.0,3.0,1,4.0,0,1,1,0,42.0,1,720000.0
1910843118,1,1,0.0,0.0,1.0,4.0,0,281.0,2.0,0,5.0,2,0,1,1,34.0,1,440000.0
5445931408,1,0,0.0,1.0,1.0,4.0,1,467.0,1.0,0,0.0,2,1,2,2,34.0,0,48000.0
7333394289,1,0,1.0,0.0,1.0,4.0,0,106.0,5.0,1,6.0,2,1,2,1,52.0,1,504746.0
5695084415,1,0,0.0,0.0,1.0,4.0,0,618.0,5.0,0,6.0,1,1,2,1,32.0,1,165000.0
3940996743,1,0,0.0,1.0,0.0,2.0,0,227.0,5.0,0,5.0,0,1,0,1,30.0,1,154000.0
4497326671,1,0,0.0,1.0,1.0,4.0,0,682.0,3.0,0,0.0,2,0,1,1,29.0,0,284415.299555
6371585770,0,1,0.0,1.0,1.0,4.0,0,156.0,4.0,0,4.0,1,0,0,0,33.0,1,110000.0
3535424654,0,1,0.0,0.0,1.0,4.0,1,704.0,1.0,0,3.0,2,0,1,0,25.0,1,110000.0
7526661511,1,0,0.0,1.0,1.0,4.0,0,213.0,5.0,0,6.0,2,1,1,1,54.0,1,880000.0
8239972608,1,0,1.0,1.0,1.0,4.0,0,843.0,2.0,0,5.0,2,1,2,1,28.0,1,715000.0
8812837743,1,0,1.0,1.0,1.0,5.0,0,627.0,5.0,0,5.0,2,0,1,1,31.0,1,495000.0
3902245778,1,0,0.0,0.0,1.0,4.0,0,275.0,3.0,0,0.0,2,1,2,1,29.0,0,550000.0
8887062843,1,0,0.0,1.0,1.0,4.0,0,893.0,4.0,0,6.0,2,1,2,1,30.0,1,576000.0
3298734294,1,0,1.0,1.0,1.0,4.0,1,1071.0,0.0,1,6.0,1,0,0,1,31.0,1,330000.0
5340508208,1,0,0.0,1.0,1.0,4.0,0,385.0,5.0,0,6.0,1,0,1,1,34.0,1,88000.0
8521033508,1,0,1.0,1.0,0.0,2.0,0,277.0,4.0,0,0.0,0,0,1,0,26.0,0,216000.0
7936361384,1,0,0.0,1.0,1.0,4.0,0,1623.0,0.0,1,5.0,2,0,2,2,22.0,1,284415.299555
5709904884,1,0,0.0,0.0,1.0,4.0,0,280.0,3.0,0,5.0,1,0,2,1,32.0,1,288000.0
9516909367,0,1,0.0,1.0,0.0,4.0,0,1676.0,1.0,0,0.0,0,1,1,0,31.5720207254,0,264000.0
3030876671,0,1,0.0,1.0,1.0,4.0,1,135.0,4.0,0,6.0,2,0,2,1,39.0,1,330000.0
1023186466,1,1,0.0,1.0,0.0,4.0,0,155.0,5.0,0,6.0,0,1,1,0,53.0,1,184800.0
7777626093,0,1,0.0,0.0,0.0,2.0,0,605.0,2.0,0,2.0,0,0,1,0,31.5720207254,1,330000.0
5309412184,0,1,0.0,1.0,1.0,4.0,0,4879.0,5.0,1,6.0,0,0,1,0,30.0,1,284415.299555
5755633864,0,1,0.0,1.0,1.0,4.0,0,958.0,4.0,1,5.0,1,0,1,2,32.0,1,110000.0
5585643436,1,0,0.0,1.0,1.0,4.0,1,465.0,1.0,0,3.0,0,1,1,0,26.0,1,440000.0
6488838004,1,0,0.0,1.0,1.0,4.0,1,303.0,5.0,0,0.0,1,1,1,1,25.0,0,120000.0
8485736177,0,1,0.0,1.0,1.0,4.0,1,430.0,2.0,0,6.0,2,0,1,0,34.0,1,550000.0
2003490834,1,0,1.0,1.0,1.0,5.0,0,166.0,3.0,0,0.0,2,0,1,1,36.0,0,220000.0
3757970868,0,1,0.0,0.0,0.0,0.0,0,854.0,2.0,1,2.0,0,0,2,0,22.0,1,284415.299555
1975138991,1,1,0.0,1.0,1.0,4.0,0,238.0,5.0,1,0.0,2,0,1,1,34.0,0,576000.0
6133370972,1,0,0.0,1.0,1.0,4.0,1,2111.0,3.0,0,2.0,0,0,1,0,25.0,1,253000.0
8931300972,1,0,0.0,1.0,1.0,4.0,1,548.0,5.0,0,0.0,2,0,1,2,27.0,0,284415.299555
1798185475,0,1,0.0,1.0,1.0,4.0,0,2005.0,5.0,0,5.0,1,0,1,1,31.0,1,440000.0
7102879153,0,1,0.0,1.0,1.0,4.0,0,1259.0,4.0,0,6.0,2,0,1,1,36.0,1,550000.0
5941788941,0,1,0.0,1.0,1.0,4.0,0,2965.0,5.0,0,6.0,2,0,2,2,45.0,1,550000.0
1546979501,1,0,0.0,0.0,0.0,2.0,1,404.0,5.0,1,0.0,1,1,2,1,44.0,0,440000.0
8634797091,1,0,0.0,1.0,1.0,4.0,0,708.0,0.0,0,2.0,2,0,1,1,28.0,1,275000.0
4587521056,1,0,0.0,1.0,1.0,4.0,1,1526.0,4.0,0,2.0,2,1,2,2,23.0,1,110000.0
8143481783,0,1,0.0,1.0,1.0,4.0,1,877.0,2.0,0,0.0,2,1,1,0,29.0,0,330000.0
5371237857,1,0,0.0,1.0,1.0,4.0,1,68.0,4.0,1,0.0,1,0,2,0,36.0,0,240000.0
5381855882,1,0,1.0,1.0,1.0,4.0,1,835.0,1.0,0,1.0,2,0,1,0,23.0,1,165000.0
7823111794,1,0,0.0,0.0,1.0,4.0,0,233.0,5.0,0,0.0,1,0,2,1,37.0,0,72000.0
4950043625,0,1,0.0,1.0,0.0,2.0,0,364.0,0.0,0,2.0,0,0,1,0,19.0,1,48000.0
3985669270,1,0,0.0,0.0,1.0,4.0,0,864.0,1.0,0,6.0,2,0,1,1,39.0,1,220000.0
6366858080,0,1,0.0,1.0,1.0,4.0,0,595.0,5.0,0,6.0,2,0,2,1,32.0,1,330000.0
3631351360,1,0,0.0,1.0,1.0,4.0,0,116.0,3.0,0,6.0,2,0,1,1,30.0,1,550000.0
3899747029,1,0,0.0,1.0,1.0,4.0,1,733.0,5.0,0,0.0,2,0,2,1,30.0,0,360000.0
2876643470,0,1,0.0,1.0,1.0,4.0,0,370.0,5.0,1,2.0,0,0,1,0,36.0,1,284415.299555
9789281998,1,0,0.0,1.0,1.0,4.0,1,4994.0,1.0,0,2.0,0,0,1,0,23.0,1,275000.0
1800018025,1,0,0.0,1.0,1.0,4.0,0,110.0,3.0,0,4.0,2,1,1,1,31.0,1,275000.0
1586610549,1,0,0.0,1.0,1.0,4.0,0,4972.0,5.0,1,6.0,2,0,2,1,39.0,1,330000.0
1283470047,1,0,0.0,1.0,1.0,4.0,0,260.0,5.0,1,6.0,2,1,2,3,58.0,1,165000.0
2048939339,1,0,0.0,1.0,1.0,4.0,0,841.0,5.0,0,6.0,2,0,2,0,29.0,1,330000.0
6053141354,1,1,0.0,1.0,1.0,4.0,0,1074.0,5.0,0,6.0,2,0,0,1,33.0,1,132000.0
9229511691,0,1,0.0,1.0,1.0,4.0,0,292.0,3.0,0,1.0,0,0,1,0,31.5720207254,1,168000.0
6374108329,1,0,1.0,1.0,1.0,4.0,1,77.0,4.0,1,4.0,2,0,2,1,31.0,1,168000.0
4017268696,1,1,0.0,1.0,1.0,4.0,0,925.0,1.0,0,0.0,0,0,1,0,31.0,0,165000.0
4350866554,1,0,0.0,1.0,1.0,4.0,0,360.0,3.0,0,0.0,1,0,2,1,28.0,0,600000.0
1181013496,1,0,0.0,0.0,1.0,4.0,0,954.0,3.0,0,0.0,1,0,2,1,21.0,0,165000.0
1647229846,1,0,1.0,1.0,1.0,4.0,0,486.0,5.0,1,6.0,2,0,2,1,44.0,1,869000.0
6127043037,1,0,1.0,1.0,1.0,4.0,0,688.0,5.0,0,6.0,2,0,2,1,41.0,1,440000.0
9317300927,0,1,0.0,1.0,1.0,4.0,1,1748.0,2.0,1,0.0,1,0,2,1,33.0,0,198000.0
3388645937,1,0,0.0,1.0,1.0,4.0,1,463.0,3.0,0,0.0,1,1,1,2,22.0,0,24000.0
6887884618,1,0,1.0,1.0,0.0,4.0,0,29.0,5.0,1,4.0,0,0,2,0,29.0,1,192000.0
1096962239,0,1,1.0,1.0,0.0,2.0,0,427.0,0.0,0,0.0,0,1,0,0,31.5720207254,0,284415.299555
3260671459,0,1,0.0,1.0,1.0,4.0,1,68.0,3.0,0,0.0,2,0,1,0,47.0,0,220000.0
2063379792,1,1,0.0,1.0,0.0,4.0,0,478.0,0.0,0,0.0,0,0,0,0,21.0,0,88000.0
2381042959,1,0,1.0,1.0,0.0,2.0,0,271.0,5.0,0,5.0,0,1,1,0,32.0,1,284415.299555
5527448981,1,0,0.0,0.0,1.0,4.0,0,892.0,3.24217961655,0,0.0,0,0,1,0,31.0,0,284415.299555
9467238896,1,0,0.0,1.0,1.0,4.0,1,273.0,2.0,0,6.0,1,0,1,0,43.0,1,220000.0
9972724218,1,0,0.0,0.0,1.0,4.0,0,598.0,2.0,0,3.0,2,0,1,0,24.0,1,220000.0
6240051417,0,1,0.0,1.0,1.0,4.0,0,696.0,1.0,1,0.0,2,1,2,1,27.0,0,220000.0
7079410217,1,0,1.0,1.0,1.0,4.0,0,222.0,5.0,1,6.0,2,0,1,1,45.0,1,550000.0
9308939887,1,0,0.0,1.0,1.0,4.0,1,230.0,2.0,0,4.0,0,0,1,0,26.0,1,165000.0
1512042465,0,1,0.0,1.0,1.0,4.0,0,145.0,5.0,0,0.0,1,0,2,1,49.0,0,550000.0
6490017335,0,0,0.0,1.0,1.0,4.0,0,786.687690743,3.0,0,0.0,2,0,1,0,37.0,0,48000.0
7540101434,1,0,0.0,1.0,0.0,2.0,0,250.0,5.0,0,5.0,0,0,1,0,21.0,1,134400.0
7152353641,1,0,1.0,1.0,1.0,4.0,0,239.0,5.0,0,6.0,0,1,2,0,34.0,1,284415.299555
6149299222,0,1,0.0,0.0,0.0,2.0,1,225.0,3.0,0,0.0,0,0,1,0,31.5720207254,0,110000.0
5080754334,1,0,0.0,1.0,1.0,4.0,0,606.0,5.0,0,6.0,1,0,2,1,39.0,1,110000.0
5647000446,1,0,1.0,1.0,0.0,2.0,0,571.0,2.0,0,5.0,0,1,1,0,30.0,1,192000.0
1315659637,0,1,0.0,1.0,1.0,4.0,0,171.0,2.0,0,2.0,1,0,1,0,31.0,1,220000.0
9553513134,0,1,1.0,0.0,1.0,4.0,0,291.0,1.0,0,3.0,0,0,1,0,22.0,1,441600.0
2534163140,1,0,0.0,1.0,1.0,4.0,0,98.0,5.0,0,0.0,0,1,2,1,34.0,0,144000.0
5534019509,1,0,1.0,0.0,1.0,4.0,0,422.0,5.0,0,6.0,0,0,1,0,41.0,1,440000.0
4202412536,1,0,1.0,0.0,1.0,4.0,0,584.0,0.0,0,1.0,2,1,1,1,23.0,1,275000.0
7469550321,1,0,0.0,1.0,1.0,4.0,1,1412.0,2.0,0,2.0,2,0,1,1,29.0,1,198000.0
3967732927,0,1,0.0,0.0,0.0,0.0,0,2067.0,5.0,0,0.0,0,1,2,0,27.0,0,550000.0
7814589083,1,0,0.0,1.0,1.0,4.0,0,314.0,5.0,1,0.0,2,0,1,1,37.0,0,88000.0
1959560917,1,0,1.0,1.0,1.0,4.0,0,690.0,5.0,1,3.0,2,1,2,1,28.0,1,418000.0
9757571386,1,0,0.0,1.0,1.0,4.0,0,426.0,5.0,0,3.0,2,0,2,1,32.0,1,220000.0
7801042321,1,0,0.0,1.0,1.0,4.0,0,296.0,0.0,1,6.0,0,0,2,0,38.0,1,550000.0
3555490492,0,1,0.0,1.0,1.0,4.0,0,1228.0,5.0,0,0.0,0,1,1,0,24.0,0,120000.0
9896789006,0,1,0.0,1.0,0.0,2.0,0,969.0,2.0,0,3.0,0,0,1,0,21.0,1,216000.0
7867185883,0,1,1.0,0.0,1.0,4.0,0,73.0,5.0,0,0.0,1,1,1,1,36.0,0,240000.0
4966440067,0,1,0.0,1.0,0.0,2.0,1,247.0,2.0,0,2.0,0,0,1,0,22.0,1,96000.0
7234829584,0,1,0.0,0.0,0.0,4.0,0,304.0,3.0,0,4.0,0,0,1,0,24.0,1,144000.0
4178348652,1,0,0.0,1.0,1.0,4.0,0,234.0,4.0,0,6.0,2,1,1,1,30.0,1,220000.0
7664147584,1,0,0.0,1.0,1.0,4.0,0,162.0,2.0,0,5.0,0,0,1,0,30.0,1,165000.0
9465714466,1,0,0.0,1.0,1.0,4.0,1,801.0,0.0,0,0.0,1,1,1,1,31.0,0,120000.0
3753586759,0,1,0.0,1.0,1.0,4.0,0,469.0,5.0,1,3.0,0,0,2,0,31.5720207254,1,216000.0
4883399518,1,0,1.0,1.0,1.0,4.0,0,1137.0,1.0,0,2.0,2,1,2,0,25.0,1,165000.0
1482204423,0,1,0.0,1.0,0.0,2.0,0,1432.0,2.0,0,2.0,0,1,2,0,31.5720207254,1,110000.0
9442171425,1,0,0.0,1.0,1.0,4.0,0,439.0,4.0,0,4.0,3,0,1,2,32.0,1,660000.0
1957977001,0,1,0.0,0.0,1.0,4.0,0,625.0,3.0,0,2.0,0,0,1,0,19.0,1,240000.0
1909028856,1,0,0.0,1.0,1.0,4.0,1,649.0,2.0,0,2.0,2,0,2,2,27.0,1,284415.299555
8600102728,1,0,0.0,1.0,1.0,4.0,1,77.0,4.0,0,6.0,2,0,0,1,32.0,1,264000.0
6025279345,1,0,0.0,1.0,1.0,4.0,0,134.0,2.0,0,5.0,1,0,2,1,34.0,1,583000.0
3391915571,1,0,0.0,1.0,1.0,4.0,1,511.0,3.0,0,4.0,2,1,1,2,32.0,1,660000.0
8751507835,0,1,0.0,1.0,1.0,4.0,0,579.0,1.0,0,1.0,0,0,2,0,29.0,1,240000.0
7546148851,1,0,0.0,1.0,1.0,4.0,0,1059.0,4.0,0,0.0,2,1,1,0,32.0,0,385000.0
5339810676,1,0,0.0,1.0,1.0,4.0,0,169.0,1.0,0,0.0,1,0,2,1,39.0,0,192000.0
1584290807,1,0,0.0,1.0,1.0,4.0,0,387.0,3.0,0,2.0,2,0,1,0,26.0,1,165000.0
3620626456,0,1,0.0,0.0,0.0,0.0,0,392.0,3.0,1,5.0,0,0,2,0,24.0,1,284415.299555
7377428334,1,0,1.0,0.0,1.0,4.0,0,618.0,1.0,0,1.0,1,1,1,1,29.0,1,66000.0
9583895012,1,0,1.0,1.0,1.0,4.0,0,442.0,5.0,1,6.0,2,0,1,1,32.0,1,330000.0
7222539877,1,0,1.0,0.0,0.0,4.0,0,230.0,5.0,1,6.0,2,1,0,1,35.0,1,284415.299555
6525704875,1,0,1.0,1.0,1.0,4.0,1,198.0,0.0,0,3.0,0,0,0,0,34.0,1,165000.0
4656510627,0,1,0.0,1.0,1.0,4.0,0,2902.0,0.0,0,1.0,2,0,1,1,24.0,1,220000.0
8296490133,0,1,0.0,1.0,0.0,2.0,0,352.0,4.0,0,4.0,0,0,1,0,20.0,1,176000.0
7425803316,1,0,0.0,1.0,1.0,4.0,0,315.0,2.0,1,0.0,2,0,1,1,35.0,0,165000.0
3929235228,1,0,1.0,1.0,0.0,2.0,0,388.0,4.0,0,4.0,0,0,1,0,35.0,1,374000.0
6013334660,1,0,0.0,1.0,1.0,4.0,0,545.0,1.0,0,5.0,2,1,1,2,28.0,1,330000.0
3937976240,1,0,0.0,1.0,1.0,5.0,1,1395.0,5.0,0,5.0,2,0,1,1,34.0,1,165000.0
6774434683,0,1,0.0,0.0,1.0,4.0,0,429.0,5.0,0,4.0,0,1,1,0,28.0,1,84000.0
9019460943,1,0,0.0,0.0,0.0,2.0,0,2824.0,0.0,0,2.0,2,1,1,0,27.0,1,385000.0
1459514671,0,1,1.0,1.0,1.0,4.0,0,591.0,0.0,0,0.0,0,1,1,0,22.0,0,55000.0
2610695629,1,0,1.0,1.0,1.0,4.0,0,222.0,2.0,0,0.0,2,0,2,1,23.0,0,660000.0
8519412104,1,0,0.0,1.0,1.0,4.0,0,365.0,1.0,0,2.0,2,0,1,1,24.0,1,330000.0
8880381815,1,0,0.0,1.0,1.0,4.0,1,886.0,5.0,0,0.0,2,1,1,0,34.0,0,48000.0
3276893093,1,0,1.0,1.0,1.0,4.0,1,229.0,1.0,0,5.0,2,1,1,0,28.0,1,110000.0
7337409978,1,0,0.0,1.0,1.0,4.0,0,1017.0,5.0,0,6.0,1,0,2,1,37.0,1,286110.0
2524200246,1,0,1.0,1.0,1.0,4.0,1,339.0,0.0,0,0.0,0,1,1,0,25.0,0,49500.0
2956620293,0,1,0.0,1.0,1.0,5.0,0,4985.0,5.0,1,6.0,2,0,2,2,29.0,1,240000.0
6834166012,0,1,0.0,1.0,1.0,4.0,0,1096.0,5.0,0,6.0,2,0,2,1,35.0,1,297000.0
8449258035,1,0,0.0,1.0,1.0,4.0,1,473.0,3.0,0,0.0,0,0,2,0,26.0,0,284415.299555
1341618714,0,1,0.0,0.0,0.0,0.0,1,3283.0,0.0,0,2.0,0,0,1,0,31.5720207254,1,165000.0
2487119472,1,0,0.0,1.0,1.0,4.0,0,96.0,0.0,0,0.0,1,1,1,1,22.0,0,308000.0
6690203041,0,1,0.0,1.0,0.0,2.0,0,1307.0,1.0,0,2.0,1,0,1,0,20.0,1,216000.0
3263728602,1,0,0.0,0.0,1.0,4.0,0,1120.0,5.0,0,6.0,2,0,2,1,31.0,1,284415.299555
7284641061,1,1,0.0,1.0,1.0,4.0,0,705.0,1.0,0,1.0,0,0,2,0,19.0,1,192000.0
2001759865,1,1,0.0,1.0,1.0,4.0,0,390.0,5.0,0,6.0,2,1,2,1,33.0,1,110000.0
5958277187,1,0,1.0,0.0,1.0,4.0,1,4789.0,5.0,0,6.0,1,0,1,0,26.0,1,284415.299555
5955541479,1,0,0.0,1.0,1.0,4.0,0,3582.0,5.0,0,6.0,2,0,2,1,33.0,1,220000.0
7780990687,0,1,1.0,0.0,0.0,2.0,0,294.0,0.0,0,0.0,0,1,1,0,51.0,0,120000.0
3413480258,0,1,0.0,1.0,1.0,4.0,0,1110.0,5.0,0,6.0,1,0,2,0,31.0,1,374000.0
2172723080,1,0,1.0,1.0,1.0,4.0,0,423.0,3.0,0,4.0,2,1,1,2,28.0,1,120000.0
5275535713,1,0,0.0,1.0,1.0,4.0,0,379.0,5.0,0,6.0,2,0,1,1,37.0,1,110000.0
2257223953,1,0,0.0,1.0,1.0,4.0,0,353.0,1.0,0,0.0,1,1,1,1,23.0,0,66000.0
2673538543,1,0,0.0,1.0,1.0,4.0,0,600.0,3.0,0,2.0,0,0,1,0,28.0,1,484000.0
6130454619,1,0,0.0,1.0,1.0,4.0,1,353.0,1.0,0,0.0,0,1,2,0,28.0,0,220000.0
1832279919,1,0,0.0,1.0,0.0,2.0,1,544.0,4.0,0,5.0,0,0,1,0,28.0,1,284415.299555
5489995289,1,0,0.0,1.0,1.0,4.0,0,221.0,0.0,0,2.0,2,1,2,1,32.0,1,84000.0
1810034989,1,0,0.0,1.0,1.0,4.0,0,701.0,5.0,1,6.0,2,0,2,1,33.0,1,550000.0
9588203897,1,0,0.0,1.0,1.0,4.0,1,726.0,5.0,0,6.0,2,0,2,0,34.0,1,360000.0
7958178899,0,1,0.0,1.0,1.0,4.0,0,55.0,1.0,0,2.0,0,0,1,0,22.0,1,288000.0
3006045400,0,1,0.0,1.0,1.0,4.0,0,224.0,3.0,0,6.0,2,1,1,1,39.0,1,220000.0
4664935120,1,0,0.0,1.0,1.0,4.0,0,332.0,2.0,0,2.0,2,0,2,0,24.0,1,55000.0
6527431008,1,0,0.0,1.0,1.0,4.0,0,580.0,4.0,0,6.0,2,0,2,1,32.0,1,440000.0
1628091660,1,0,0.0,1.0,1.0,4.0,1,694.0,3.0,0,0.0,2,0,2,0,36.0,0,720000.0
8548843141,1,0,0.0,1.0,0.0,2.0,0,786.687690743,3.24217961655,0,0.0,0,0,3,0,26.0,0,284415.299555
4368145247,0,0,0.0,1.0,1.0,4.0,0,580.0,2.0,0,2.0,2,0,1,1,26.0,1,284415.299555
2772992716,0,1,0.0,0.0,0.0,4.0,0,206.0,5.0,0,2.0,0,1,0,1,45.0,1,66000.0
3962836465,1,0,0.0,1.0,1.0,4.0,0,268.0,5.0,0,6.0,2,0,2,1,35.0,1,220000.0
5773051173,1,0,0.0,1.0,1.0,4.0,1,533.0,2.0,0,3.0,2,0,1,2,29.0,1,330000.0
7555552124,1,0,0.0,0.0,1.0,4.0,0,537.0,3.0,0,1.0,0,1,1,0,26.0,1,176000.0
1868497628,1,0,1.0,1.0,1.0,4.0,0,405.0,3.0,1,0.0,0,0,1,0,31.5720207254,0,72000.0
2623733104,1,0,0.0,1.0,1.0,4.0,1,1137.0,5.0,0,2.0,1,0,1,3,31.0,1,440000.0
2283557917,1,0,0.0,1.0,1.0,4.0,1,115.0,5.0,0,0.0,0,0,2,0,29.0,0,550000.0
7357826278,1,0,0.0,1.0,1.0,4.0,0,380.0,4.0,0,6.0,0,0,2,0,31.5720207254,1,660000.0
9377789718,0,1,0.0,0.0,0.0,4.0,0,302.0,0.0,1,0.0,0,0,1,0,31.5720207254,0,168000.0
9845828614,1,0,1.0,1.0,1.0,4.0,1,1328.0,0.0,0,1.0,2,0,1,0,26.0,1,825000.0
8707691098,0,0,1.0,0.0,1.0,4.0,0,786.687690743,5.0,0,3.0,2,0,1,0,30.0,1,220000.0
4883396224,1,0,0.0,1.0,1.0,4.0,0,2530.0,1.0,0,3.0,2,0,1,0,29.0,1,550000.0
5494601411,1,0,0.0,1.0,1.0,4.0,1,375.0,5.0,0,5.0,2,0,1,0,42.0,1,264000.0
1107199557,1,0,0.0,1.0,1.0,4.0,0,349.0,3.0,1,2.0,3,0,2,1,33.0,1,284415.299555
5413136059,1,0,1.0,0.0,1.0,4.0,1,498.0,0.0,0,0.0,2,1,1,1,27.0,0,220000.0
1557058434,1,0,0.0,1.0,1.0,4.0,0,1556.0,3.0,0,5.0,1,0,2,0,26.0,1,240000.0
6171176971,1,0,0.0,1.0,1.0,4.0,0,269.0,5.0,0,0.0,0,0,1,1,25.0,0,120000.0
6754950264,1,0,0.0,1.0,0.0,2.0,1,70.0,0.0,0,3.0,0,1,1,0,33.0,1,288000.0
2201817874,1,0,0.0,1.0,1.0,4.0,0,4990.0,2.0,0,4.0,2,0,0,1,35.0,1,330000.0
9236601044,0,1,0.0,0.0,0.0,0.0,0,284.0,5.0,0,3.0,0,0,0,0,19.0,1,120000.0
7336338975,1,0,0.0,1.0,1.0,4.0,0,736.0,5.0,0,0.0,1,1,1,0,33.0,0,72000.0
6964827365,1,0,1.0,1.0,1.0,4.0,0,251.0,5.0,0,0.0,1,0,1,1,42.0,0,330000.0
5916800459,0,1,0.0,1.0,0.0,4.0,1,332.0,3.0,0,3.0,0,0,1,0,29.0,1,72000.0
4042481303,0,1,1.0,0.0,1.0,4.0,1,614.0,5.0,0,6.0,0,0,0,0,19.0,1,82500.0
3995102460,1,0,0.0,1.0,0.0,2.0,1,1020.0,2.0,0,6.0,0,1,2,0,34.0,1,330000.0
6504272298,1,0,0.0,0.0,1.0,4.0,0,969.0,5.0,0,0.0,2,0,1,1,29.0,0,336000.0
3119988297,1,0,1.0,1.0,1.0,4.0,0,198.0,5.0,0,6.0,0,1,0,1,38.0,1,198000.0
3537152988,0,1,0.0,1.0,1.0,4.0,0,1384.0,5.0,0,6.0,2,0,2,0,37.0,1,284415.299555
5638293141,0,1,0.0,0.0,1.0,4.0,0,100.0,2.0,0,4.0,0,0,1,0,26.0,1,156000.0
6845264174,0,1,0.0,1.0,0.0,2.0,0,71.0,3.0,0,5.0,0,0,1,0,20.0,1,144000.0
4004233755,1,0,0.0,1.0,1.0,4.0,0,118.0,5.0,0,3.0,2,0,1,2,31.0,1,110000.0
2736962869,1,0,1.0,0.0,1.0,4.0,0,823.0,2.0,0,0.0,2,1,1,1,35.0,0,72000.0
5729162586,1,0,0.0,0.0,1.0,4.0,0,711.0,5.0,1,6.0,2,1,2,1,42.0,1,550000.0
4884216169,1,0,0.0,1.0,0.0,4.0,0,575.0,0.0,0,2.0,2,1,1,1,29.0,1,440000.0
1415981696,1,0,1.0,0.0,1.0,4.0,1,20.0,2.0,0,4.0,1,0,1,2,36.0,1,220000.0
8677322348,1,0,0.0,1.0,0.0,2.0,0,1045.0,3.0,0,3.0,0,0,1,0,23.0,1,24000.0
3174864023,1,0,0.0,1.0,1.0,4.0,0,521.0,3.0,0,3.0,0,0,1,0,23.0,1,360000.0
9568664366,1,0,0.0,1.0,1.0,4.0,0,1084.0,1.0,0,5.0,2,1,2,1,25.0,1,176000.0
6425890823,1,0,1.0,1.0,1.0,4.0,0,98.0,4.0,0,4.0,0,0,1,1,34.0,1,96000.0
8419449580,1,0,1.0,1.0,1.0,5.0,0,724.0,5.0,0,0.0,0,1,1,0,28.0,0,284415.299555
4530705086,0,1,0.0,0.0,0.0,2.0,0,423.0,0.0,0,1.0,0,0,2,0,22.0,1,165000.0
7161900629,0,0,0.0,1.0,1.0,4.0,0,189.0,5.0,0,0.0,2,1,1,1,27.0,0,165000.0
9448842124,1,0,0.0,1.0,1.0,4.0,0,785.0,5.0,0,0.0,1,0,0,1,35.0,0,165000.0
