person_id_random,gender,fb_friend_count,current_home_years,living_situation,current_job_years,education,outstanding_loan,use_mobile_wallet_how_often,relationship_status,Age,job_status,annual_wages
8548843141,0,786.687690743,3.24217961655,0,0.0,0,0,3,0,26.0,0,284415.299555
5334896838,0,557.0,3.24217961655,0,0.0,0,0,0,0,34.0,0,284415.299555
4656062708,0,308.0,3.24217961655,0,0.0,0,0,3,0,41.0,0,284415.299555
2283557917,1,115.0,5.0,0,0.0,0,0,2,0,29.0,0,550000.0
8449258035,1,473.0,3.0,0,0.0,0,0,2,0,26.0,0,284415.299555
2287514871,0,1168.0,2.0,0,0.0,0,0,2,0,31.5720207254,0,330000.0
4017268696,0,925.0,1.0,0,0.0,0,0,1,0,31.0,0,165000.0
5585643436,1,465.0,1.0,0,3.0,0,1,1,0,26.0,1,440000.0
4239791639,1,65.0,4.0,0,4.0,0,0,1,0,31.5720207254,1,88000.0
3585535472,0,839.0,2.0,0,1.0,0,0,1,0,40.0,1,360000.0
3342477379,1,636.0,4.0,0,6.0,0,0,1,0,35.0,1,330000.0
5346231779,1,412.0,2.0,0,5.0,0,0,2,0,29.0,1,288000.0
1341618714,1,3283.0,0.0,0,2.0,0,0,1,0,31.5720207254,1,165000.0
6891187473,0,122.0,0.0,0,5.0,0,0,1,0,31.0,1,284415.299555
9545294644,0,147.0,0.0,0,3.0,0,1,2,0,31.0,1,104500.0
3884829185,1,278.0,5.0,0,3.0,0,0,1,0,31.0,1,440000.0
3422259391,0,392.0,5.0,0,4.0,0,0,1,0,25.0,1,284415.299555
7357826278,0,380.0,4.0,0,6.0,0,0,2,0,31.5720207254,1,660000.0
4342241928,0,142.0,2.0,0,0.0,0,0,1,0,52.0,0,220000.0
2535099359,0,411.0,5.0,0,0.0,0,1,1,0,31.5720207254,0,176000.0
1911454239,1,199.0,4.0,1,0.0,0,0,2,0,30.0,0,284415.299555
3930083269,0,170.0,5.0,0,5.0,0,1,1,0,31.0,1,165000.0
3670141772,1,495.0,4.0,0,0.0,0,0,1,0,21.0,0,120000.0
1817487983,0,707.0,5.0,0,5.0,0,0,2,0,29.0,1,165000.0
3967732927,0,2067.0,5.0,0,0.0,0,1,2,0,27.0,0,550000.0
8521033508,0,277.0,4.0,0,0.0,0,0,1,0,26.0,0,216000.0
5799676461,0,3058.0,4.0,0,6.0,0,1,2,0,31.0,1,550000.0
2528750026,1,1340.0,3.0,0,0.0,0,1,1,0,25.0,0,48000.0
5330295937,0,214.0,5.0,0,4.0,0,0,2,0,33.0,1,284415.299555
4345724251,0,88.0,4.0,0,1.0,0,0,2,0,34.0,1,724350.0
3757970868,0,854.0,2.0,1,2.0,0,0,2,0,22.0,1,284415.299555
2669649960,0,33.0,3.0,0,5.0,0,0,2,0,32.0,1,960000.0
3620626456,0,392.0,3.0,1,5.0,0,0,2,0,24.0,1,284415.299555
5958664143,0,148.0,3.0,0,3.0,0,0,1,0,22.0,1,220000.0
1661102022,1,128.0,4.0,0,4.0,0,0,2,0,30.0,1,840000.0
7777374938,0,49.0,5.0,1,6.0,0,0,2,0,49.0,1,192000.0
5875230942,0,797.0,2.0,0,1.0,0,0,1,0,84.0,1,192000.0
5563120467,0,234.0,4.0,0,4.0,0,0,2,0,34.0,1,240000.0
6551180719,0,739.0,2.0,1,4.0,0,0,1,0,31.5720207254,1,264000.0
4552401360,0,463.0,1.0,0,3.0,0,0,1,0,25.0,1,165000.0
7177006216,1,2564.0,5.0,0,6.0,0,0,2,0,19.0,1,286000.0
1978413484,1,161.0,5.0,0,5.0,0,0,1,0,28.0,1,153600.0
7734209346,0,408.0,2.0,0,6.0,0,1,2,0,43.0,1,284415.299555
3995102460,1,1020.0,2.0,0,6.0,0,1,2,0,34.0,1,330000.0
8994467797,1,662.0,2.0,1,4.0,0,0,2,0,21.0,1,76800.0
6386473095,1,559.0,3.0,0,6.0,0,0,1,0,30.0,1,72000.0
1892163498,0,3454.0,2.0,0,4.0,0,0,2,0,31.5720207254,1,432000.0
1183321030,1,437.0,2.0,0,3.0,0,1,1,0,27.0,1,132000.0
5377931105,0,971.0,2.0,0,2.0,0,1,2,0,22.0,1,240000.0
2358807840,0,984.0,0.0,0,6.0,0,0,2,0,37.0,1,284415.299555
5868139297,0,1458.0,5.0,1,6.0,0,0,1,0,24.0,1,132000.0
1135111501,1,1060.0,1.0,0,2.0,0,1,1,0,20.0,1,284415.299555
6100057929,1,164.0,4.0,0,0.0,0,0,2,0,37.0,0,480000.0
8685630915,1,217.0,0.0,0,2.0,0,0,1,0,20.0,1,48000.0
2683538279,0,616.0,5.0,0,6.0,0,1,1,0,37.0,1,108000.0
9236601044,0,284.0,5.0,0,3.0,0,0,0,0,19.0,1,120000.0
7444746096,0,230.0,1.0,0,1.0,0,0,1,0,20.0,1,120000.0
2668523412,0,1240.0,0.0,0,1.0,0,0,1,0,20.0,1,103200.0
6219345623,1,219.0,3.0,0,4.0,0,1,2,0,38.0,1,220000.0
4105742558,1,374.0,4.0,0,6.0,0,0,0,0,74.0,1,132000.0
8397994357,1,174.0,0.0,0,1.0,0,0,2,0,20.0,1,168000.0
7640935498,0,686.0,1.0,0,2.0,0,1,2,0,30.0,1,330000.0
7125219495,0,820.0,0.0,0,0.0,0,0,1,0,31.5720207254,0,165000.0
3206224066,0,377.0,1.0,0,5.0,0,0,1,0,20.0,1,456000.0
8677322348,0,1045.0,3.0,0,3.0,0,0,1,0,23.0,1,24000.0
1482204423,0,1432.0,2.0,0,2.0,0,1,2,0,31.5720207254,1,110000.0
4530705086,0,423.0,0.0,0,1.0,0,0,2,0,22.0,1,165000.0
5521864872,0,1615.0,1.0,0,2.0,0,0,2,0,19.0,1,72000.0
9401390636,0,474.0,2.0,0,3.0,0,1,1,0,22.0,1,72000.0
7780990687,0,294.0,0.0,0,0.0,0,1,1,0,51.0,0,120000.0
7540101434,0,250.0,5.0,0,5.0,0,0,1,0,21.0,1,134400.0
6526183719,0,786.687690743,3.24217961655,0,0.0,0,0,0,0,82.0,0,284415.299555
4950043625,0,364.0,0.0,0,2.0,0,0,1,0,19.0,1,48000.0
1096962239,0,427.0,0.0,0,0.0,0,1,0,0,31.5720207254,0,284415.299555
8128789355,0,355.0,4.0,0,4.0,0,0,2,0,31.5720207254,1,297000.0
1299427536,1,55.0,5.0,1,4.0,0,0,1,0,63.0,1,240000.0
2916523599,0,89.0,2.0,0,3.0,0,0,1,0,26.0,1,284415.299555
9453964086,1,525.0,2.0,0,3.0,0,0,1,0,21.0,1,165000.0
5482790346,0,435.0,1.0,0,2.0,0,0,1,0,19.0,1,451200.0
9504924784,1,486.0,1.0,1,2.0,0,0,1,0,18.0,1,132000.0
1512836830,1,489.0,5.0,0,3.0,0,1,1,0,31.5720207254,1,319000.0
1612135424,0,810.0,3.0,0,5.0,0,0,1,0,28.0,1,110000.0
3929235228,0,388.0,4.0,0,4.0,0,0,1,0,35.0,1,374000.0
8057731840,1,425.0,1.0,0,0.0,0,1,1,0,21.0,0,33600.0
4966440067,1,247.0,2.0,0,2.0,0,0,1,0,22.0,1,96000.0
5108315568,0,324.0,1.0,0,0.0,0,1,1,0,27.0,0,308000.0
2673538543,0,600.0,3.0,0,2.0,0,0,1,0,28.0,1,484000.0
7777626093,0,605.0,2.0,0,2.0,0,0,1,0,31.5720207254,1,330000.0
3764746080,1,478.0,2.0,0,2.0,0,0,1,0,31.5720207254,1,72000.0
2524200246,1,339.0,0.0,0,0.0,0,1,1,0,25.0,0,49500.0
7717500506,1,482.0,4.0,0,5.0,0,1,1,0,28.0,1,192500.0
4042481303,1,614.0,5.0,0,6.0,0,0,0,0,19.0,1,82500.0
6295166250,0,1361.0,4.0,1,3.0,0,0,0,0,23.0,1,77000.0
8362192538,0,109.0,2.0,0,1.0,0,0,1,0,21.0,1,143000.0
2381042959,0,271.0,5.0,0,5.0,0,1,1,0,32.0,1,284415.299555
4421733789,1,1761.0,2.0,0,2.0,0,0,2,0,22.0,1,440000.0
4943128258,0,965.0,1.0,0,1.0,0,0,1,0,22.0,1,27500.0
4088430688,0,145.0,3.0,0,0.0,0,0,2,0,22.0,0,600000.0
8806418646,0,564.0,1.0,1,1.0,0,0,0,0,18.0,1,88000.0
9725100582,0,120.0,5.0,1,6.0,0,0,1,0,18.0,1,495000.0
7801042321,0,296.0,0.0,1,6.0,0,0,2,0,38.0,1,550000.0
6297081953,0,1269.0,3.0,0,2.0,0,1,1,0,21.0,1,198000.0
2063379792,0,478.0,0.0,0,0.0,0,0,0,0,21.0,0,88000.0
6133370972,1,2111.0,3.0,0,2.0,0,0,1,0,25.0,1,253000.0
8763192932,0,1088.0,3.0,0,1.0,0,0,1,0,20.0,1,240000.0
2662659101,0,507.0,2.0,0,0.0,0,1,1,0,20.0,0,168000.0
1537018341,0,2960.0,2.0,0,0.0,0,1,1,0,23.0,0,132000.0
1957977001,0,625.0,3.0,0,2.0,0,0,1,0,19.0,1,240000.0
8719891162,0,250.0,2.0,1,3.0,0,0,1,0,22.0,1,216000.0
3577835738,1,400.0,2.0,0,4.0,0,0,1,0,31.5720207254,1,220000.0
8425972319,0,4800.0,0.0,0,1.0,0,0,2,0,23.0,1,240000.0
4002742728,1,1866.0,0.0,1,2.0,0,1,0,0,27.0,1,165000.0
5825472282,0,345.0,4.0,0,2.0,0,0,1,0,28.0,1,120000.0
9504846186,0,405.0,2.0,0,3.0,0,0,1,0,26.0,1,165000.0
3225694348,0,145.0,3.0,1,3.0,0,0,2,0,27.0,1,240000.0
1177471131,0,186.0,3.0,0,3.0,0,0,2,0,20.0,1,132000.0
8406400743,0,813.0,0.0,0,1.0,0,0,2,0,24.0,1,480000.0
7234829584,0,304.0,3.0,0,4.0,0,0,1,0,24.0,1,144000.0
7284641061,0,705.0,1.0,0,1.0,0,0,2,0,19.0,1,192000.0
6897561002,0,416.0,2.0,0,4.0,0,0,1,0,17.0,1,120000.0
1090396622,0,832.0,4.0,0,0.0,0,1,0,0,31.5720207254,0,55000.0
1516706338,1,855.0,4.0,0,2.0,0,0,1,0,25.0,1,288000.0
2830334836,0,2682.0,3.0,1,4.0,0,1,1,0,42.0,1,720000.0
1316512614,0,790.0,1.0,0,2.0,0,0,1,0,19.0,1,36000.0
9046729670,0,275.0,1.0,0,2.0,0,0,1,0,21.0,1,57600.0
9193097824,0,327.0,2.0,0,3.0,0,0,1,0,18.0,1,330000.0
9513977406,0,217.0,5.0,0,6.0,0,1,1,0,28.0,1,426756.0
8296490133,0,352.0,4.0,0,4.0,0,0,1,0,20.0,1,176000.0
3624329372,0,436.0,2.0,0,3.0,0,0,1,0,21.0,1,216000.0
7537202594,0,292.0,0.0,0,4.0,0,0,1,0,30.0,1,330000.0
3565083094,0,624.0,2.0,1,3.0,0,0,1,0,77.0,1,358600.0
3294533408,0,418.0,1.0,0,4.0,0,1,2,0,30.0,1,264000.0
1983538252,1,2774.0,5.0,0,6.0,0,1,2,0,36.0,1,360000.0
6130454619,1,353.0,1.0,0,0.0,0,1,2,0,28.0,0,220000.0
8948452846,1,736.0,2.0,0,0.0,0,1,1,0,22.0,0,110000.0
5534019509,0,422.0,5.0,0,6.0,0,0,1,0,41.0,1,440000.0
8470817553,1,796.0,0.0,0,3.0,0,0,1,0,25.0,1,154000.0
5638293141,0,100.0,2.0,0,4.0,0,0,1,0,26.0,1,156000.0
3219677874,0,27.0,3.0,0,4.0,0,0,1,0,19.0,1,156000.0
3584380224,1,465.0,0.0,0,2.0,0,0,1,0,23.0,1,720000.0
6845264174,0,71.0,3.0,0,5.0,0,0,1,0,20.0,1,144000.0
4146622581,0,867.0,0.0,0,0.0,0,0,1,0,21.0,0,66000.0
6461406501,0,1048.0,1.0,0,2.0,0,1,2,0,24.0,1,156000.0
7585759305,1,423.0,5.0,0,3.0,0,1,1,0,21.0,1,165000.0
9553513134,0,291.0,1.0,0,3.0,0,0,1,0,22.0,1,441600.0
1782793085,1,1631.0,3.0,0,5.0,0,1,2,0,27.0,1,88000.0
2515000128,1,270.0,3.0,1,2.0,0,1,1,0,28.0,1,187000.0
7152353641,0,239.0,5.0,0,6.0,0,1,2,0,34.0,1,284415.299555
5095473176,0,779.0,5.0,0,6.0,2,1,2,1,35.0,1,284415.299555
6620932848,0,321.0,2.0,0,2.0,0,0,1,0,19.0,1,209000.0
1775406254,1,179.0,5.0,0,3.0,0,0,1,0,22.0,1,96000.0
5359782636,1,423.0,1.0,0,0.0,2,0,0,0,22.0,0,66000.0
2151054057,0,1370.0,0.0,0,2.0,0,0,1,0,26.0,1,110000.0
5777469792,1,907.0,2.0,1,3.0,0,0,1,0,27.0,1,120000.0
3110924673,0,254.0,3.0,1,6.0,0,0,1,0,33.0,1,385000.0
7664147584,0,162.0,2.0,0,5.0,0,0,1,0,30.0,1,165000.0
6268509017,0,184.0,2.0,0,4.0,0,1,1,0,22.0,1,242000.0
8141294915,1,4279.0,0.0,0,1.0,0,0,1,0,21.0,1,275000.0
2278919539,1,2336.0,1.0,0,1.0,0,1,2,0,24.0,1,253000.0
1672596057,0,1442.0,3.0,0,4.0,0,1,1,0,25.0,1,96000.0
3939663286,1,1842.0,3.0,0,2.0,0,1,1,0,26.0,1,396000.0
3435646267,0,110.0,5.0,0,3.0,0,0,0,0,19.0,1,33000.0
4167056538,0,960.0,4.0,1,3.0,0,1,2,0,31.5720207254,1,385000.0
8165102081,1,501.0,2.0,0,3.0,0,0,2,0,20.0,1,72000.0
9854161442,0,781.0,1.0,0,0.0,0,0,1,0,31.5720207254,0,24000.0
2552675755,1,143.0,5.0,0,3.0,0,1,1,0,32.0,1,165000.0
5826558835,1,306.0,0.0,1,6.0,0,1,1,0,24.0,1,110000.0
8082067022,0,1118.0,5.0,1,2.0,0,0,2,0,22.0,1,330000.0
8092607634,0,1841.0,3.0,0,3.0,0,1,1,0,26.0,1,120000.0
1280507511,0,328.0,3.0,0,3.0,0,0,1,0,28.0,1,216000.0
7378814827,1,323.0,0.0,0,0.0,0,1,2,0,33.0,0,144000.0
5309412184,0,4879.0,5.0,1,6.0,0,0,1,0,30.0,1,284415.299555
1459514671,0,591.0,0.0,0,0.0,0,1,1,0,22.0,0,55000.0
5085179989,0,288.0,5.0,0,6.0,0,1,1,0,29.0,1,432000.0
8845067238,0,160.0,1.0,1,3.0,0,1,1,0,28.0,1,220000.0
8392403933,0,647.0,3.0,0,4.0,0,0,1,0,27.0,1,93500.0
8839970497,0,163.0,2.0,0,5.0,0,1,1,0,32.0,1,144000.0
5916800459,1,332.0,3.0,0,3.0,0,0,1,0,29.0,1,72000.0
5255086303,0,27.0,2.0,0,3.0,0,1,2,0,30.0,1,240000.0
2693128770,0,362.0,2.0,0,1.0,0,0,1,0,25.0,1,237600.0
8041467929,0,980.0,2.0,0,0.0,0,1,1,0,22.0,0,48000.0
7549961913,0,1429.0,0.0,0,1.0,0,0,1,0,71.0,1,192000.0
7093035860,1,35.0,5.0,0,6.0,0,0,2,0,40.0,1,192000.0
6456476162,1,437.0,2.0,0,4.0,0,0,1,0,25.0,1,770000.0
7318322753,0,719.0,5.0,0,5.0,1,1,1,2,31.5720207254,1,132000.0
1654887836,1,441.0,2.0,0,6.0,0,1,1,0,29.0,1,480000.0
8540590529,0,76.0,5.0,0,0.0,0,0,2,0,22.0,0,48000.0
5120292396,0,209.0,0.0,0,0.0,0,0,1,0,19.0,0,22000.0
5647000446,0,571.0,2.0,0,5.0,0,1,1,0,30.0,1,192000.0
6525704875,1,198.0,0.0,0,3.0,0,0,0,0,34.0,1,165000.0
7958178899,0,55.0,1.0,0,2.0,0,0,1,0,22.0,1,288000.0
1868497628,0,405.0,3.0,1,0.0,0,0,1,0,31.5720207254,0,72000.0
2612671805,0,1240.0,1.0,0,0.0,0,1,2,0,20.0,0,27500.0
9047422306,0,423.0,0.0,0,0.0,0,0,1,0,23.0,0,25300.0
8751507835,0,579.0,1.0,0,1.0,0,0,2,0,29.0,1,240000.0
8210123264,0,189.0,4.0,0,6.0,1,0,1,1,23.0,1,120000.0
5248964653,0,2390.0,3.0,0,2.0,0,0,2,0,21.0,1,132000.0
5810007060,0,284.0,2.0,0,3.0,0,0,2,0,19.0,1,180000.0
1832279919,1,544.0,4.0,0,5.0,0,0,1,0,28.0,1,284415.299555
5476885599,0,3125.0,2.0,0,0.0,0,0,2,0,19.0,0,96000.0
2876398156,0,855.0,1.0,0,2.0,0,1,1,0,24.0,1,220800.0
4198273826,0,49.0,4.0,1,3.0,0,0,2,0,31.5720207254,1,154000.0
1180207250,0,1512.0,2.0,0,5.0,0,0,1,0,22.0,1,600000.0
9477378963,0,980.0,5.0,0,0.0,0,0,1,0,20.0,0,48000.0
5809370917,1,1746.0,2.0,0,2.0,2,0,1,2,21.0,1,286000.0
3480756825,0,1824.0,3.0,0,4.0,0,0,1,0,31.5720207254,1,165000.0
7555552124,0,537.0,3.0,0,1.0,0,1,1,0,26.0,1,176000.0
9611014004,0,63.0,5.0,1,6.0,0,0,2,0,31.5720207254,1,240000.0
9200350130,0,2363.0,2.0,0,4.0,0,0,1,0,31.5720207254,1,384000.0
9516909367,0,1676.0,1.0,0,0.0,0,1,1,0,31.5720207254,0,264000.0
2609792976,1,782.0,3.0,0,3.0,0,1,0,0,23.0,1,268800.0
9377789718,0,302.0,0.0,1,0.0,0,0,1,0,31.5720207254,0,168000.0
9821765598,0,2143.0,2.0,0,2.0,0,0,2,0,27.0,1,192500.0
9229511691,0,292.0,3.0,0,1.0,0,0,1,0,31.5720207254,1,168000.0
4396948561,0,511.0,3.0,0,2.0,0,0,1,0,31.5720207254,1,288000.0
7419788148,0,1000.0,2.0,0,3.0,0,0,2,0,31.5720207254,1,275000.0
6149299222,1,225.0,3.0,0,0.0,0,0,1,0,31.5720207254,0,110000.0
3753586759,0,469.0,5.0,1,3.0,0,0,2,0,31.5720207254,1,216000.0
3278293306,0,140.0,5.0,1,2.0,0,0,0,0,31.5720207254,1,198000.0
7258285849,0,413.0,1.0,1,5.0,0,0,1,0,24.0,1,168000.0
6754950264,1,70.0,0.0,0,3.0,0,1,1,0,33.0,1,288000.0
5815782196,0,658.0,0.0,0,0.0,0,0,0,0,31.5720207254,0,110000.0
5468470748,1,302.0,1.0,0,2.0,0,0,2,0,25.0,1,360000.0
3174864023,0,521.0,3.0,0,3.0,0,0,1,0,23.0,1,360000.0
7930805770,0,866.0,4.0,1,3.0,0,0,2,0,20.0,1,105600.0
5517270647,0,944.0,3.0,0,3.0,0,0,2,0,20.0,1,192000.0
5833760454,1,160.0,5.0,0,6.0,2,1,2,1,30.0,1,48000.0
5781022158,0,545.0,3.0,1,3.0,0,0,2,0,21.0,1,144000.0
9896789006,0,969.0,2.0,0,3.0,0,0,1,0,21.0,1,216000.0
3401108129,0,786.687690743,3.24217961655,0,0.0,0,0,0,0,23.0,0,284415.299555
1084690398,0,235.0,4.0,0,0.0,0,1,2,0,24.0,0,99000.0
7386434289,1,279.0,3.0,0,3.0,0,0,1,0,21.0,1,57600.0
2990883566,1,445.0,4.0,0,6.0,0,0,1,0,29.0,1,660000.0
3523225738,0,510.0,2.0,0,0.0,0,1,2,0,22.0,0,132000.0
3744930975,1,137.0,2.0,0,4.0,0,1,2,0,27.0,1,96000.0
9789281998,1,4994.0,1.0,0,2.0,0,0,1,0,23.0,1,275000.0
6887884618,0,29.0,5.0,1,4.0,0,0,2,0,29.0,1,192000.0
2327560619,1,1248.0,5.0,1,6.0,0,1,1,0,25.0,1,108000.0
8394030931,1,226.0,5.0,0,6.0,0,1,1,0,33.0,1,220000.0
6687103750,1,829.0,3.0,0,4.0,0,1,1,0,29.0,1,330000.0
6768006410,0,257.0,4.0,0,6.0,0,0,1,0,34.0,1,330000.0
3555490492,0,1228.0,5.0,0,0.0,0,1,1,0,24.0,0,120000.0
6033880411,0,913.0,3.0,0,4.0,0,1,2,0,29.0,1,600000.0
8278230987,0,374.0,5.0,0,6.0,0,0,1,0,25.0,1,840000.0
2876643470,0,370.0,5.0,1,2.0,0,0,1,0,36.0,1,284415.299555
9881053673,0,132.0,1.0,0,6.0,0,1,1,0,75.0,1,19800.0
5903857819,0,384.0,5.0,0,1.0,0,0,1,0,30.0,1,242000.0
2046310222,0,943.0,0.0,0,0.0,0,0,2,0,28.0,0,120000.0
6108121189,0,1704.0,1.0,0,2.0,2,0,2,2,26.0,1,352000.0
5126578428,1,291.0,5.0,0,6.0,0,1,1,0,26.0,1,275000.0
2795350446,0,4993.0,3.0,1,0.0,0,1,2,0,28.0,0,720000.0
7573861449,1,489.0,2.0,0,2.0,0,0,1,0,28.0,1,120000.0
8291626998,0,390.0,0.0,0,3.0,0,1,0,0,26.0,1,275000.0
6774434683,0,429.0,5.0,0,4.0,0,1,1,0,28.0,1,84000.0
1704712487,0,600.0,2.0,0,6.0,0,1,1,0,31.0,1,44000.0
7839108662,0,630.0,5.0,0,5.0,0,0,2,0,31.0,1,330000.0
3307407390,0,2017.0,4.0,0,6.0,0,0,0,0,32.0,1,495000.0
9308939887,1,230.0,2.0,0,4.0,0,0,1,0,26.0,1,165000.0
5923715507,0,4602.0,5.0,0,0.0,1,0,2,0,33.0,0,240000.0
1289196041,0,235.0,5.0,0,0.0,0,1,2,0,26.0,0,120000.0
1023186466,0,155.0,5.0,0,6.0,0,1,1,0,53.0,1,184800.0
3686319819,1,292.0,4.0,0,4.0,2,0,2,0,57.0,1,363000.0
1272813046,1,2324.0,1.0,0,4.0,0,0,1,0,27.0,1,77000.0
4097229256,0,235.0,3.0,0,1.0,0,0,0,0,35.0,1,616000.0
5331332312,0,773.0,3.24217961655,0,0.0,0,0,0,0,27.0,0,284415.299555
5783698569,0,567.0,5.0,0,6.0,2,0,1,0,39.0,1,284415.299555
5747178338,0,1826.0,0.0,0,0.0,1,0,1,0,21.0,0,96000.0
9804175165,0,392.0,4.0,0,6.0,2,1,2,0,33.0,1,583000.0
7691808756,0,3554.0,1.0,0,1.0,2,0,1,0,21.0,1,110000.0
8485736177,1,430.0,2.0,0,6.0,2,0,1,0,34.0,1,550000.0
5345006498,0,840.0,5.0,0,6.0,2,0,1,0,52.0,1,660000.0
8315543219,0,500.0,5.0,0,6.0,2,0,1,0,48.0,1,440000.0
3413480258,0,1110.0,5.0,0,6.0,1,0,2,0,31.0,1,374000.0
3640580591,0,234.0,2.0,1,2.0,2,0,1,0,29.0,1,165000.0
1212953829,1,7.0,5.0,0,6.0,2,0,0,0,49.0,1,360000.0
2048939339,0,841.0,5.0,0,6.0,2,0,2,0,29.0,1,330000.0
3149006688,0,738.0,4.0,0,6.0,2,1,2,0,31.0,1,88000.0
6690203041,0,1307.0,1.0,0,2.0,1,0,1,0,20.0,1,216000.0
3394363896,0,702.0,5.0,1,5.0,2,0,1,0,34.0,1,168000.0
9955035119,1,587.0,0.0,0,1.0,2,0,1,0,29.0,1,495000.0
3679328472,0,2232.0,3.0,0,3.0,2,1,1,0,22.0,1,284415.299555
7269987518,1,245.0,3.0,0,6.0,2,0,1,0,33.0,1,605000.0
9149555649,0,278.0,3.0,0,5.0,1,1,2,0,28.0,1,275000.0
4652588050,1,1180.0,4.0,0,6.0,0,1,1,0,31.0,1,330000.0
9448433849,0,41.0,5.0,1,3.0,2,1,2,0,31.0,1,225500.0
3252413480,0,2691.0,5.0,0,5.0,2,1,1,0,34.0,1,220000.0
4020568831,0,49.0,3.0,0,6.0,0,1,1,0,26.0,1,66000.0
9578209515,0,5000.0,5.0,1,6.0,1,1,2,0,35.0,1,616000.0
3075741637,0,388.0,4.0,0,5.0,2,1,2,0,27.0,1,284415.299555
1766763696,0,251.0,3.0,0,3.0,2,1,1,0,29.0,1,440000.0
8357321273,0,93.0,5.0,0,6.0,2,0,1,0,41.0,1,275000.0
6060950564,0,448.0,5.0,0,4.0,2,1,2,0,39.0,1,284415.299555
1716829174,0,1251.0,1.0,0,0.0,1,1,2,0,23.0,0,48000.0
8171435807,1,297.0,3.0,0,3.0,2,0,1,0,27.0,1,220000.0
5064137410,1,118.0,1.0,0,4.0,2,1,2,0,32.0,1,115500.0
3583731581,0,708.0,5.0,0,6.0,2,0,2,0,36.0,1,330000.0
3525069691,1,154.0,1.0,0,3.0,2,0,1,0,28.0,1,440000.0
1537358892,0,232.0,5.0,0,5.0,2,1,2,1,39.0,1,385000.0
3201754709,0,178.0,2.0,0,6.0,1,1,2,0,29.0,1,120000.0
5935455253,0,1008.0,5.0,0,6.0,2,0,1,0,31.0,1,682000.0
7430130268,0,765.0,1.0,0,3.0,2,0,2,0,29.0,1,330000.0
5048210603,0,304.0,5.0,0,6.0,1,0,1,0,43.0,1,203500.0
1635947875,0,980.0,5.0,1,5.0,2,1,1,0,24.0,1,120000.0
5410424023,1,2192.0,1.0,0,0.0,2,0,2,0,27.0,0,220000.0
3933368676,1,158.0,3.0,0,3.0,1,0,2,0,30.0,1,96000.0
4493372220,0,267.0,3.0,1,6.0,2,0,1,0,42.0,1,374000.0
5406406018,1,302.0,3.0,0,1.0,2,0,2,0,21.0,1,93500.0
8476099889,0,4998.0,4.0,0,6.0,2,0,1,0,44.0,1,330000.0
1010631054,1,498.0,5.0,0,0.0,2,0,1,0,27.0,0,284415.299555
1557058434,0,1556.0,3.0,0,5.0,1,0,2,0,26.0,1,240000.0
9677770426,0,1289.0,0.0,0,0.0,2,0,0,0,27.0,0,284415.299555
7346661357,0,1961.0,5.0,0,6.0,2,0,2,0,25.0,1,462000.0
5433168922,0,1025.0,5.0,0,6.0,2,0,2,0,46.0,1,506000.0
3603689368,0,461.0,5.0,0,6.0,1,0,1,0,31.0,1,360000.0
4792942529,0,901.0,5.0,0,2.0,2,0,1,0,29.0,1,242000.0
2724136679,1,298.0,3.0,0,6.0,2,0,2,0,29.0,1,96000.0
9019460943,0,2824.0,0.0,0,2.0,2,1,1,0,27.0,1,385000.0
8450552497,1,112.0,1.0,0,3.0,2,0,0,0,31.0,1,132000.0
2974671365,0,354.0,5.0,1,6.0,1,0,1,0,28.0,1,374000.0
7650974066,1,308.0,1.0,0,2.0,2,0,1,0,29.0,1,220000.0
1987351715,0,34.0,5.0,0,6.0,0,0,2,0,36.0,1,88000.0
6718085882,0,825.0,3.0,0,4.0,2,0,1,2,29.0,1,660000.0
7062861325,0,334.0,2.0,0,0.0,1,0,1,2,25.0,0,110000.0
5241853297,1,297.0,5.0,0,4.0,2,0,1,2,33.0,1,120000.0
6834166012,0,1096.0,5.0,0,6.0,2,0,2,1,35.0,1,297000.0
7359680125,0,135.0,5.0,0,4.0,2,1,2,1,32.0,1,715000.0
1047997155,0,616.0,0.0,0,0.0,2,0,2,0,23.0,0,55200.0
5955541479,0,3582.0,5.0,0,6.0,2,0,2,1,33.0,1,220000.0
3290581266,0,360.0,1.0,1,6.0,2,0,2,1,29.0,1,284415.299555
1011938779,1,1.0,2.0,0,2.0,2,1,1,0,22.0,1,240000.0
1584290807,0,387.0,3.0,0,2.0,2,0,1,0,26.0,1,165000.0
5988618720,0,285.0,5.0,0,0.0,2,1,2,1,43.0,0,480000.0
8389868976,0,920.0,4.0,0,3.0,2,0,0,1,36.0,1,407000.0
7867185883,0,73.0,5.0,0,0.0,1,1,1,1,36.0,0,240000.0
8230219163,1,63.0,2.0,0,3.0,1,1,1,1,33.0,1,96000.0
5896978842,0,298.0,5.0,0,2.0,2,1,1,1,41.0,1,120000.0
4498792920,1,619.0,0.0,0,0.0,2,0,1,3,43.0,0,284415.299555
4949206686,0,39.0,2.0,0,0.0,1,0,2,3,42.0,0,240000.0
4509848841,0,1929.0,3.0,0,5.0,2,0,2,0,27.0,1,110000.0
7493785209,0,1184.0,5.0,0,3.0,2,0,2,0,23.0,1,110000.0
9523062306,1,34.0,3.0,0,2.0,2,0,2,1,24.0,1,550000.0
1532148947,0,1528.0,2.0,0,0.0,1,1,2,1,28.0,0,504000.0
3567588210,0,533.0,3.0,0,0.0,2,0,1,1,46.0,0,96000.0
5254531566,0,2748.0,5.0,0,6.0,2,0,2,1,34.0,1,517000.0
5945488348,0,514.0,2.0,0,0.0,2,0,2,2,26.0,0,275000.0
6917193248,1,305.0,5.0,0,6.0,2,0,1,0,44.0,1,440000.0
6288962292,0,292.0,5.0,0,6.0,2,0,1,1,47.0,1,284415.299555
4050513050,0,1863.0,2.0,0,3.0,2,1,1,1,33.0,1,168000.0
3321063881,0,527.0,2.0,0,6.0,2,1,2,1,29.0,1,330000.0
6491386882,0,385.0,2.0,0,0.0,2,0,1,1,43.0,0,240000.0
4811992520,0,32.0,4.0,0,0.0,1,1,2,1,33.0,0,284415.299555
6964827365,0,251.0,5.0,0,0.0,1,0,1,1,42.0,0,330000.0
6224726229,0,188.0,2.0,0,3.0,1,0,1,1,41.0,1,110000.0
4191686819,0,1753.0,5.0,0,4.0,2,0,2,1,31.0,1,284415.299555
4901712280,0,608.0,1.0,0,2.0,2,1,1,0,28.0,1,330000.0
1463175554,1,57.0,4.0,0,3.0,2,0,2,1,26.0,1,605000.0
8540946794,0,1282.0,1.0,1,5.0,1,0,2,1,29.0,1,110000.0
3260671459,1,68.0,3.0,0,0.0,2,0,1,0,47.0,0,220000.0
5511522687,1,381.0,3.0,0,3.0,2,0,1,1,34.0,1,165000.0
7225933812,0,363.0,5.0,0,0.0,1,1,2,1,40.0,0,240000.0
9973267281,0,61.0,4.0,1,5.0,2,0,2,1,37.0,1,550000.0
4902519125,1,58.0,2.0,0,2.0,2,0,1,1,34.0,1,187000.0
2422995126,0,602.0,2.0,0,2.0,2,0,2,2,29.0,1,330000.0
2764011037,0,620.0,5.0,0,5.0,2,1,1,1,26.0,1,660000.0
1229057799,0,776.0,5.0,1,6.0,2,0,2,2,27.0,1,231000.0
5489995289,0,221.0,0.0,0,2.0,2,1,2,1,32.0,1,84000.0
1998097878,0,960.0,5.0,0,3.0,2,1,2,1,31.0,1,220000.0
6025279345,0,134.0,2.0,0,5.0,1,0,2,1,34.0,1,583000.0
2487119472,0,96.0,0.0,0,0.0,1,1,1,1,22.0,0,308000.0
7955562566,0,679.0,5.0,0,2.0,2,0,1,1,31.5720207254,1,385000.0
5373890168,1,772.0,2.0,0,2.0,2,0,1,2,28.0,1,220000.0
5449485614,0,525.0,2.0,0,4.0,2,0,1,0,28.0,1,286000.0
6581882246,0,625.0,4.0,0,0.0,1,0,1,1,32.0,0,220000.0
9568664366,0,1084.0,1.0,0,5.0,2,1,2,1,25.0,1,176000.0
4489754615,1,618.0,5.0,1,5.0,2,0,2,0,34.0,1,550000.0
7442299181,0,791.0,2.0,1,0.0,1,1,2,1,35.0,0,495000.0
6724414152,0,3232.0,5.0,1,6.0,2,1,2,1,33.0,1,144000.0
3535424654,1,704.0,1.0,0,3.0,2,0,1,0,25.0,1,110000.0
1798185475,0,2005.0,5.0,0,5.0,1,0,1,1,31.0,1,440000.0
1440291623,0,183.0,2.0,0,2.0,2,1,2,1,37.0,1,88000.0
4884216169,0,575.0,0.0,0,2.0,2,1,1,1,29.0,1,440000.0
1838116247,1,219.0,0.0,0,6.0,2,1,1,0,32.0,1,220000.0
9228116233,0,408.0,4.0,0,6.0,2,0,2,0,30.0,1,440000.0
5936413151,0,1048.0,1.0,0,2.0,2,0,1,1,27.0,1,264000.0
7769459042,1,427.0,4.0,0,5.0,1,1,1,0,34.0,1,132000.0
8931300972,1,548.0,5.0,0,0.0,2,0,1,2,27.0,0,284415.299555
8098697604,0,310.0,2.0,0,0.0,1,0,0,2,27.0,0,165000.0
9745064088,0,263.0,5.0,1,0.0,1,0,1,1,55.0,0,220000.0
2191396226,0,522.0,5.0,1,2.0,2,0,2,1,46.0,1,480000.0
6177775040,0,95.0,5.0,0,3.0,1,0,1,0,31.0,1,132000.0
1287191810,0,5000.0,4.0,0,6.0,2,0,2,1,41.0,1,440000.0
8812837743,0,627.0,5.0,0,5.0,2,0,1,1,31.0,1,495000.0
5537661525,0,153.0,4.0,1,4.0,2,0,1,1,39.0,1,440000.0
5741429746,0,2921.0,3.0,0,3.0,2,1,1,0,25.0,1,165000.0
4899445636,0,314.0,5.0,0,6.0,2,1,1,1,36.0,1,99000.0
4645275853,0,1622.0,5.0,0,6.0,2,0,1,1,31.0,1,220000.0
3521134186,0,520.0,4.0,0,6.0,2,1,1,1,27.0,1,165000.0
9137438176,0,901.0,5.0,0,0.0,2,1,2,1,31.0,0,120000.0
9036331394,0,396.0,4.0,0,5.0,2,0,0,1,29.0,1,284415.299555
7044315204,0,291.0,3.0,0,3.0,2,0,1,0,36.0,1,253000.0
8720349802,0,1374.0,5.0,0,0.0,1,1,1,1,28.0,0,308000.0
8143481783,1,877.0,2.0,0,0.0,2,1,1,0,29.0,0,330000.0
8887062843,0,893.0,4.0,0,6.0,2,1,2,1,30.0,1,576000.0
4004233755,0,118.0,5.0,0,3.0,2,0,1,2,31.0,1,110000.0
7303163256,0,1912.0,4.0,0,4.0,1,0,0,1,35.0,1,165000.0
6374108329,1,77.0,4.0,1,4.0,2,0,2,1,31.0,1,168000.0
1309607936,1,4459.0,5.0,0,2.0,2,0,1,0,23.0,1,275000.0
9467238896,1,273.0,2.0,0,6.0,1,0,1,0,43.0,1,220000.0
5736208977,0,267.0,1.0,1,5.0,0,0,1,1,29.0,1,240000.0
5445931408,1,467.0,1.0,0,0.0,2,1,2,2,34.0,0,48000.0
4540051772,0,324.0,5.0,1,0.0,1,1,2,1,37.0,0,66000.0
7659385387,0,851.0,3.0,1,3.0,2,1,2,1,32.0,1,440000.0
1784191842,0,440.0,2.0,0,2.0,2,0,1,1,27.0,1,165000.0
7372142755,0,955.0,3.0,0,4.0,2,1,1,1,27.0,1,275000.0
9263351105,0,91.0,5.0,0,3.0,2,0,1,2,27.0,1,506000.0
1497166208,0,233.0,5.0,1,6.0,1,1,2,1,50.0,1,770000.0
8150642238,0,447.0,2.0,1,6.0,2,1,1,1,36.0,1,284415.299555
8460627016,0,224.0,5.0,0,3.0,1,0,1,1,31.0,1,220000.0
2372935146,0,342.0,5.0,0,6.0,2,0,1,1,31.0,1,330000.0
4850039402,1,418.0,4.0,0,0.0,0,1,0,0,39.0,0,88000.0
4951166708,1,745.0,1.0,0,1.0,2,0,0,0,32.0,1,110000.0
6124720801,1,544.0,4.0,0,2.0,2,1,1,1,26.0,1,72000.0
5804388965,0,379.0,5.0,1,6.0,2,1,2,3,44.0,1,385000.0
9148351638,1,105.0,2.0,0,0.0,2,0,2,1,29.0,0,165000.0
4656510627,0,2902.0,0.0,0,1.0,2,0,1,1,24.0,1,220000.0
4738098277,0,1304.0,1.0,0,2.0,1,0,1,1,29.0,1,165000.0
9923610654,0,73.0,5.0,0,6.0,2,0,1,1,46.0,1,336000.0
9661362272,0,162.0,4.0,0,6.0,2,0,1,1,34.0,1,220000.0
3818103704,0,136.0,5.0,0,5.0,2,1,1,1,32.0,1,275000.0
9465714466,1,801.0,0.0,0,0.0,1,1,1,1,31.0,0,120000.0
4264763102,0,395.0,5.0,0,0.0,2,0,1,1,45.0,0,583000.0
5018829972,0,491.0,2.0,0,2.0,2,0,0,0,28.0,1,110000.0
1743432522,0,610.0,2.0,0,4.0,2,0,2,1,33.0,1,495000.0
3023340127,0,449.0,3.0,0,0.0,2,0,2,2,27.0,0,284415.299555
5275535713,0,379.0,5.0,0,6.0,2,0,1,1,37.0,1,110000.0
6240051417,0,696.0,1.0,1,0.0,2,1,2,1,27.0,0,220000.0
7091985427,0,422.0,5.0,0,3.0,1,0,2,1,33.0,1,165000.0
7961977516,0,461.0,2.0,0,2.0,3,0,1,2,27.0,1,660000.0
6666930711,0,745.0,1.0,0,1.0,2,0,1,1,33.0,1,284415.299555
4740365226,0,3240.0,4.0,0,2.0,1,1,2,0,23.0,1,330000.0
4058888009,0,559.0,5.0,1,0.0,2,0,2,1,36.0,0,550000.0
7076340710,1,497.0,5.0,0,3.0,1,0,1,0,26.0,1,132000.0
7470733511,0,225.0,3.0,0,6.0,2,0,2,1,38.0,1,720000.0
6488838004,1,303.0,5.0,0,0.0,1,1,1,1,25.0,0,120000.0
6207451939,0,216.0,2.0,1,3.0,1,0,1,0,27.0,1,220000.0
9767557484,0,311.0,4.0,0,1.0,2,0,0,1,36.0,1,415800.0
7102879153,0,1259.0,4.0,0,6.0,2,0,1,1,36.0,1,550000.0
3080908054,1,359.0,5.0,0,0.0,1,1,2,0,33.0,0,330000.0
1048099395,0,470.0,5.0,1,0.0,2,0,1,1,37.0,0,550000.0
4226607694,0,775.0,2.0,0,0.0,2,0,2,1,29.0,0,480000.0
5495666685,0,551.0,4.0,1,4.0,1,1,2,1,38.0,1,288000.0
7337409978,0,1017.0,5.0,0,6.0,1,0,2,1,37.0,1,286110.0
6507014956,0,429.0,3.0,1,1.0,1,0,0,0,29.0,1,48000.0
1181013496,0,954.0,3.0,0,0.0,1,0,2,1,21.0,0,165000.0
4030617594,1,229.0,2.0,0,0.0,2,1,1,1,27.0,0,720000.0
4883399518,0,1137.0,1.0,0,2.0,2,1,2,0,25.0,1,165000.0
9443631847,0,2477.0,5.0,0,6.0,1,0,2,1,38.0,1,240000.0
4581264233,0,396.0,3.0,0,4.0,2,1,1,2,31.0,1,165000.0
3263728602,0,1120.0,5.0,0,6.0,2,0,2,1,31.0,1,284415.299555
1616151767,0,333.0,2.0,0,4.0,2,0,1,2,29.0,1,132000.0
9588203897,1,726.0,5.0,0,6.0,2,0,2,0,34.0,1,360000.0
2003808034,0,4999.0,2.0,0,4.0,2,0,1,0,26.0,1,770000.0
9649964299,0,207.0,3.0,0,0.0,2,0,2,2,37.0,0,330000.0
6680195461,0,206.0,5.0,1,6.0,1,0,1,1,42.0,1,330000.0
9754677030,1,781.0,2.0,1,0.0,2,0,1,1,31.0,0,192000.0
6055146943,0,4992.0,1.0,0,2.0,2,0,1,0,29.0,1,121000.0
3335172180,0,524.0,1.0,0,1.0,2,0,0,1,27.0,1,159500.0
3631351360,0,116.0,3.0,0,6.0,2,0,1,1,30.0,1,550000.0
7803964963,0,1235.0,4.0,0,3.0,1,0,2,1,28.0,1,154000.0
7459525133,0,219.0,4.0,0,4.0,2,0,2,1,31.0,1,550000.0
9517700838,1,4987.0,5.0,0,0.0,1,0,1,1,30.0,0,55000.0
1546979501,1,404.0,5.0,1,0.0,1,1,2,1,44.0,0,440000.0
3833162176,0,660.0,5.0,1,6.0,2,0,1,1,35.0,1,258500.0
6480595561,0,237.0,1.0,0,0.0,2,0,2,3,50.0,0,330000.0
7371265289,0,385.0,5.0,1,3.0,2,0,1,1,26.0,1,352000.0
7598871262,1,1170.0,3.0,0,0.0,2,1,1,0,27.0,0,88000.0
3427309387,0,991.0,0.0,0,1.0,2,1,2,1,30.0,1,495000.0
2648460353,0,52.0,5.0,0,0.0,2,0,1,1,35.0,0,165000.0
9808214543,1,429.0,0.0,0,0.0,2,0,2,3,34.0,0,284415.299555
7875034267,1,599.0,3.0,1,5.0,2,0,2,0,26.0,1,880000.0
6356967879,1,160.0,3.0,0,5.0,2,0,1,2,30.0,1,660000.0
5657424461,0,315.0,5.0,0,6.0,1,0,2,1,32.0,1,60000.0
3962836465,0,268.0,5.0,0,6.0,2,0,2,1,35.0,1,220000.0
7526973171,0,1130.0,5.0,0,5.0,2,0,2,1,32.0,1,360000.0
1389690912,0,580.0,5.0,0,5.0,2,0,1,1,28.0,1,33000.0
4429479218,1,330.0,5.0,0,6.0,2,0,2,1,59.0,1,248050.0
8946883110,1,91.0,5.0,0,5.0,2,0,2,1,25.0,1,144000.0
2037137184,0,303.0,5.0,1,0.0,1,1,1,1,42.0,0,360000.0
3188570699,0,4999.0,4.0,1,1.0,2,1,2,1,32.0,1,209000.0
1910843118,0,281.0,2.0,0,5.0,2,0,1,1,34.0,1,440000.0
8519412104,0,365.0,1.0,0,2.0,2,0,1,1,24.0,1,330000.0
8834809018,1,2662.0,4.0,0,3.0,2,0,0,1,24.0,1,284415.299555
1512042465,0,145.0,5.0,0,0.0,1,0,2,1,49.0,0,550000.0
1909028856,1,649.0,2.0,0,2.0,2,0,2,2,27.0,1,284415.299555
8634554863,0,126.0,5.0,0,0.0,2,0,2,0,33.0,0,284415.299555
7222539877,0,230.0,5.0,1,6.0,2,1,0,1,35.0,1,284415.299555
2461249534,1,436.0,2.0,0,0.0,2,0,1,0,43.0,0,284415.299555
7108459544,0,3710.0,2.0,0,6.0,2,0,0,2,31.0,1,165000.0
4646477741,0,384.0,3.0,0,4.0,2,0,1,0,30.0,1,165000.0
8155541862,1,181.0,5.0,0,0.0,2,0,2,1,32.0,0,550000.0
5958277187,1,4789.0,5.0,0,6.0,1,0,1,0,26.0,1,284415.299555
7472748908,0,81.0,5.0,0,5.0,1,1,1,1,28.0,1,220000.0
1064638493,0,870.0,3.0,0,5.0,1,1,2,1,25.0,1,144000.0
7278699629,0,1554.0,1.0,0,0.0,2,0,1,0,23.0,0,360000.0
5732259298,1,393.0,5.0,0,5.0,2,1,1,1,25.0,1,220000.0
6572992960,1,51.0,4.0,0,4.0,2,1,2,1,47.0,1,220000.0
9927346812,0,803.0,1.0,0,2.0,2,1,1,0,30.0,1,649000.0
2562664921,0,40.0,4.0,0,4.0,2,0,1,0,37.0,1,330000.0
1884909893,1,1642.0,5.0,0,4.0,2,0,0,0,34.0,1,220000.0
1295557792,0,1433.0,4.0,0,4.0,1,1,2,1,31.0,1,132000.0
7502458411,0,121.0,5.0,0,0.0,1,0,2,1,36.0,0,96000.0
1647229846,0,486.0,5.0,1,6.0,2,0,2,1,44.0,1,869000.0
2016018499,1,214.0,0.0,0,0.0,1,0,0,0,20.0,0,22000.0
8258117248,0,811.0,2.0,0,4.0,2,1,2,1,28.0,1,840000.0
9562149901,0,228.0,5.0,0,6.0,2,0,1,1,41.0,1,495000.0
5618080444,0,506.0,2.0,0,4.0,2,1,1,1,33.0,1,385000.0
1963789232,0,197.0,5.0,1,5.0,1,0,1,1,28.0,1,165000.0
2623733104,1,1137.0,5.0,0,2.0,1,0,1,3,31.0,1,440000.0
9656418246,0,76.0,3.0,0,3.0,2,0,0,1,52.0,1,275000.0
7349042414,0,545.0,2.0,0,6.0,1,0,2,2,34.0,1,363000.0
6872355869,0,499.0,4.0,0,6.0,2,0,2,1,31.0,1,591800.0
6527431008,0,580.0,4.0,0,6.0,2,0,2,1,32.0,1,440000.0
1447788669,0,684.0,4.0,0,0.0,2,0,2,1,33.0,0,330000.0
3950963431,1,982.0,1.0,0,0.0,2,0,1,0,22.0,0,22000.0
4578202269,1,165.0,4.0,0,6.0,1,0,2,0,39.0,1,220000.0
7054628663,0,1125.0,2.0,0,2.0,3,0,1,1,30.0,1,605000.0
2320175519,0,107.0,3.0,0,0.0,1,0,2,1,46.0,0,284415.299555
3602567513,1,296.0,5.0,0,6.0,2,0,1,1,44.0,1,284415.299555
6034981056,0,1640.0,4.0,0,6.0,2,0,1,1,29.0,1,770000.0
7377428334,0,618.0,1.0,0,1.0,1,1,1,1,29.0,1,66000.0
3079511469,0,336.0,3.0,0,3.0,2,0,1,0,26.0,1,440000.0
4042825054,1,105.0,2.0,0,1.0,2,0,0,0,31.0,1,440000.0
7356239267,0,272.0,5.0,0,6.0,2,0,2,1,47.0,1,284415.299555
7331238292,0,420.0,5.0,0,6.0,2,1,2,1,38.0,1,77000.0
9123965963,1,380.0,1.0,0,2.0,3,0,1,0,31.0,1,275000.0
2901782279,0,1114.0,5.0,0,6.0,2,0,2,2,26.0,1,385000.0
3152634654,0,26.0,2.0,1,6.0,2,0,2,1,40.0,1,440000.0
4337834140,1,241.0,5.0,0,5.0,2,0,1,1,35.0,1,220000.0
1107199557,0,349.0,3.0,1,2.0,3,0,2,1,33.0,1,284415.299555
2201817874,0,4990.0,2.0,0,4.0,2,0,0,1,35.0,1,330000.0
7083488094,0,80.0,5.0,0,6.0,1,0,2,1,40.0,1,385000.0
6366858080,0,595.0,5.0,0,6.0,2,0,2,1,32.0,1,330000.0
5631408893,0,1288.0,2.0,0,6.0,2,0,2,1,37.0,1,284415.299555
9972724218,0,598.0,2.0,0,3.0,2,0,1,0,24.0,1,220000.0
1315659637,0,171.0,2.0,0,2.0,1,0,1,0,31.0,1,220000.0
7366844365,0,1554.0,1.0,0,2.0,2,1,2,0,24.0,1,440000.0
2033348143,1,1690.0,2.0,1,2.0,2,0,2,2,23.0,1,132000.0
3200903086,1,341.0,5.0,1,5.0,2,0,2,1,51.0,1,330000.0
5281600996,0,246.0,5.0,1,6.0,2,0,2,1,34.0,1,284415.299555
3431150888,1,899.0,3.0,0,5.0,3,0,0,0,33.0,1,568590.0
2001759865,0,390.0,5.0,0,6.0,2,1,2,1,33.0,1,110000.0
5849887456,1,209.0,4.0,0,0.0,2,0,2,1,36.0,0,284415.299555
1862148446,1,367.0,5.0,1,0.0,2,0,2,1,34.0,0,284415.299555
3460588992,0,809.0,4.0,0,3.0,2,0,2,1,22.0,1,825000.0
6127719079,0,1573.0,3.0,0,5.0,2,1,1,1,27.0,1,143000.0
1424189176,0,552.0,1.0,0,4.0,2,0,1,1,32.0,1,330000.0
2751143085,0,1190.0,1.0,0,2.0,1,0,2,1,27.0,1,231000.0
7336051313,0,238.0,4.0,0,0.0,2,0,1,0,30.0,0,384000.0
2133314717,0,366.0,5.0,1,6.0,2,0,2,1,55.0,1,550000.0
5115392371,0,128.0,5.0,1,0.0,2,0,1,1,40.0,0,284415.299555
5555593102,0,2645.0,5.0,0,6.0,1,0,1,1,38.0,1,385000.0
2258471198,0,4316.0,5.0,0,6.0,2,0,2,1,31.0,1,284415.299555
5167938983,0,1156.0,4.0,0,5.0,2,1,2,3,34.0,1,308000.0
3561640239,0,2028.0,4.0,0,5.0,2,1,2,1,27.0,1,284415.299555
4881579468,0,495.0,3.0,0,4.0,2,1,2,2,27.0,1,385000.0
5816669626,0,656.0,2.0,0,0.0,1,1,2,1,29.0,0,240000.0
5123229643,0,853.0,2.0,0,3.0,2,1,2,1,23.0,1,110000.0
5340508208,0,385.0,5.0,0,6.0,1,0,1,1,34.0,1,88000.0
6371585770,0,156.0,4.0,0,4.0,1,0,0,0,33.0,1,110000.0
7546148851,0,1059.0,4.0,0,0.0,2,1,1,0,32.0,0,385000.0
7814589083,0,314.0,5.0,1,0.0,2,0,1,1,37.0,0,88000.0
3030876671,1,135.0,4.0,0,6.0,2,0,2,1,39.0,1,330000.0
3449899345,1,55.0,3.0,1,0.0,2,0,1,1,30.0,0,284415.299555
1361970426,1,279.0,3.24217961655,0,0.0,0,1,1,0,28.0,0,284415.299555
2567699254,0,198.0,2.0,1,0.0,2,1,2,1,40.0,0,216000.0
6406939440,0,384.0,0.0,0,6.0,1,1,2,1,31.0,1,275000.0
2974664625,0,299.0,3.24217961655,0,0.0,0,0,1,0,28.0,0,284415.299555
5574393088,1,828.0,2.0,0,0.0,2,1,2,0,29.0,0,216000.0
5514618037,1,129.0,0.0,0,3.0,2,0,0,2,32.0,1,279400.0
4883971352,0,694.0,1.0,0,6.0,2,1,1,1,29.0,1,220000.0
4732601069,0,220.0,5.0,0,6.0,2,1,1,1,37.0,1,216000.0
4908096316,0,857.0,5.0,0,6.0,2,0,1,1,32.0,1,284415.299555
6980434746,0,403.0,3.0,0,3.0,2,0,2,1,35.0,1,284415.299555
3282108906,0,1039.0,5.0,0,6.0,2,1,2,1,28.0,1,220000.0
5801463353,1,1044.0,5.0,0,0.0,2,1,2,0,31.5720207254,0,192000.0
7962463991,1,1467.0,0.0,0,0.0,2,1,1,1,27.0,0,284415.299555
5682976418,0,81.0,5.0,0,0.0,2,1,1,1,41.0,0,284415.299555
4116829921,0,170.0,5.0,0,6.0,2,0,1,2,26.0,1,242000.0
8740760572,0,1264.0,2.0,0,6.0,2,0,2,2,25.0,1,330000.0
8714622022,1,647.0,5.0,0,6.0,2,1,1,1,34.0,1,165000.0
1513646713,0,488.0,3.0,0,3.0,2,1,1,1,35.0,1,264000.0
4437592008,1,1610.0,5.0,0,4.0,1,0,1,0,24.0,1,275000.0
6562772473,1,289.0,4.0,0,0.0,1,0,1,1,30.0,0,120000.0
3331565180,0,107.0,5.0,0,0.0,1,0,2,1,41.0,0,770000.0
5559702426,1,831.0,0.0,0,0.0,2,1,1,1,31.0,0,550000.0
6181698436,0,820.0,4.0,0,5.0,1,0,2,1,38.0,1,132000.0
9757571386,0,426.0,5.0,0,3.0,2,0,2,1,32.0,1,220000.0
1283470047,0,260.0,5.0,1,6.0,2,1,2,3,58.0,1,165000.0
6015554652,0,1129.0,2.0,0,0.0,2,1,1,0,41.0,0,220000.0
5371237857,1,68.0,4.0,1,0.0,1,0,2,0,36.0,0,240000.0
1801624265,0,1530.0,5.0,1,5.0,2,1,1,1,31.0,1,110000.0
9013261149,1,1950.0,1.0,0,3.0,2,0,2,0,30.0,1,880000.0
4228136505,0,185.0,3.0,0,6.0,2,0,1,1,34.0,1,550000.0
8387614970,0,766.0,5.0,0,6.0,2,1,1,1,31.0,1,385000.0
7629417453,1,104.0,5.0,0,3.0,2,1,2,1,37.0,1,308000.0
2010370470,0,446.0,5.0,0,6.0,1,1,1,1,32.0,1,275000.0
7333394289,0,106.0,5.0,1,6.0,2,1,2,1,52.0,1,504746.0
6013334660,0,545.0,1.0,0,5.0,2,1,1,2,28.0,1,330000.0
6975724414,1,8.0,2.0,0,0.0,1,0,1,1,36.0,0,284415.299555
9666559145,0,1235.0,5.0,0,0.0,1,0,2,1,42.0,0,72000.0
3517910470,0,409.0,2.0,0,0.0,2,1,2,0,25.0,0,165000.0
5381855882,1,835.0,1.0,0,1.0,2,0,1,0,23.0,1,165000.0
1586610549,0,4972.0,5.0,1,6.0,2,0,2,1,39.0,1,330000.0
2455988976,0,2133.0,2.0,0,0.0,2,0,2,1,36.0,0,330000.0
8529623453,0,36.0,5.0,0,0.0,0,0,2,1,35.0,0,198000.0
3391915571,1,511.0,3.0,0,4.0,2,1,1,2,32.0,1,660000.0
8126857977,0,176.0,3.0,0,6.0,2,0,1,1,33.0,1,495000.0
7970308274,1,801.0,5.0,0,6.0,2,0,1,1,36.0,1,165000.0
9865454850,0,2340.0,5.0,0,6.0,2,0,1,1,30.0,1,330000.0
4609303188,0,470.0,5.0,1,0.0,2,1,2,1,40.0,0,330000.0
3985669270,0,864.0,1.0,0,6.0,2,0,1,1,39.0,1,220000.0
8686243541,0,407.0,4.0,0,0.0,2,1,1,2,28.0,0,165000.0
1767540225,1,209.0,2.0,0,0.0,2,0,1,2,32.0,0,275000.0
7134462308,0,2727.0,4.0,0,0.0,2,1,2,1,31.0,0,220000.0
7445827446,0,3085.0,5.0,1,6.0,2,0,2,1,39.0,1,338250.0
3419286937,1,406.0,1.0,0,3.0,2,1,1,0,34.0,1,345268.0
6925828638,0,1791.0,3.0,0,0.0,1,1,1,1,37.0,0,120000.0
8484461796,1,511.0,5.0,0,0.0,2,0,1,0,36.0,0,55000.0
2398603694,0,2088.0,4.0,1,6.0,2,0,2,1,31.0,1,242000.0
2436738636,0,400.0,4.0,0,6.0,1,1,0,1,31.0,1,330000.0
7936361384,0,1623.0,0.0,1,5.0,2,0,2,2,22.0,1,284415.299555
1959560917,0,690.0,5.0,1,3.0,2,1,2,1,28.0,1,418000.0
2954902920,0,1800.0,2.0,0,3.0,2,1,1,0,29.0,1,495000.0
2893571939,0,1215.0,2.0,0,0.0,1,1,2,1,40.0,0,330000.0
5729162586,0,711.0,5.0,1,6.0,2,1,2,1,42.0,1,550000.0
5253564370,0,188.0,5.0,0,0.0,2,1,2,1,29.0,0,120000.0
5907430016,0,280.0,5.0,1,6.0,2,0,1,1,40.0,1,284415.299555
8716883625,0,368.0,1.0,0,2.0,2,1,2,1,27.0,1,495000.0
7289370646,0,177.0,5.0,0,0.0,2,0,2,1,46.0,0,440000.0
2956620293,0,4985.0,5.0,1,6.0,2,0,2,2,29.0,1,240000.0
4194649044,0,40.0,3.0,0,0.0,2,1,2,1,34.0,0,220000.0
3955785772,0,997.0,5.0,0,2.0,2,1,0,1,33.0,1,396000.0
1853627736,0,479.0,5.0,0,0.0,0,1,2,1,41.0,0,120000.0
3738922495,0,681.0,2.0,0,3.0,2,1,1,0,28.0,1,550000.0
2136127632,1,216.0,0.0,0,2.0,2,1,1,3,42.0,1,330000.0
1777949145,0,179.0,2.0,0,3.0,2,1,2,1,33.0,1,275000.0
5494601411,1,375.0,5.0,0,5.0,2,0,1,0,42.0,1,264000.0
5527448981,0,892.0,3.24217961655,0,0.0,0,0,1,0,31.0,0,284415.299555
7850063072,1,724.0,3.0,1,6.0,2,0,1,1,34.0,1,330000.0
4792563816,1,160.0,5.0,0,6.0,2,0,2,2,44.0,1,220000.0
1810034989,0,701.0,5.0,1,6.0,2,0,2,1,33.0,1,550000.0
3778121349,0,2155.0,2.0,0,3.0,3,0,2,1,31.0,1,770000.0
1112017768,0,512.0,2.0,0,3.0,3,0,1,2,29.0,1,660000.0
4431726673,0,1515.0,4.0,0,4.0,2,1,2,0,25.0,1,358380.0
8634797091,0,708.0,0.0,0,2.0,2,0,1,1,28.0,1,275000.0
3107893674,0,387.0,2.0,0,0.0,2,0,1,0,29.0,0,96000.0
6448249622,0,276.0,5.0,0,3.0,2,1,1,1,39.0,1,385000.0
8000018034,0,207.0,5.0,1,0.0,2,0,1,1,39.0,0,110000.0
6425890823,0,98.0,4.0,0,4.0,0,0,1,1,34.0,1,96000.0
7228483529,1,163.0,0.0,0,0.0,2,1,1,1,34.0,0,284415.299555
9003357851,1,365.0,5.0,1,3.0,2,0,2,1,37.0,1,110000.0
6617821797,0,385.0,5.0,0,6.0,1,0,1,3,58.0,1,171380.0
5523890760,0,422.0,3.0,0,0.0,1,1,1,1,35.0,0,165000.0
5843534196,0,686.0,5.0,0,5.0,2,1,2,2,33.0,1,803000.0
7336338975,0,736.0,5.0,0,0.0,1,1,1,0,33.0,0,72000.0
1670455912,0,249.0,3.0,0,4.0,1,1,2,1,28.0,1,214500.0
7389317375,0,312.0,2.0,0,3.0,2,1,1,1,31.0,1,550000.0
6851045436,1,2636.0,0.0,1,1.0,2,1,1,2,25.0,1,418000.0
3449728273,0,2749.0,3.0,0,6.0,1,1,1,1,44.0,1,165000.0
6386601342,0,853.0,5.0,0,6.0,2,0,2,1,39.0,1,330000.0
4002692992,1,474.0,2.0,0,0.0,2,1,1,2,26.0,0,284415.299555
2257223953,0,353.0,1.0,0,0.0,1,1,1,1,23.0,0,66000.0
1975138991,0,238.0,5.0,1,0.0,2,0,1,1,34.0,0,576000.0
4974853726,0,360.0,4.0,0,5.0,2,0,1,1,32.0,1,264000.0
7035285544,1,96.0,5.0,0,5.0,2,0,1,1,39.0,1,385000.0
7073326976,0,25.0,5.0,0,0.0,0,1,2,1,32.0,0,220000.0
7425803316,0,315.0,2.0,1,0.0,2,0,1,1,35.0,0,165000.0
7959578837,1,712.0,4.0,0,0.0,2,1,1,0,26.0,0,220000.0
5517830861,0,60.0,4.0,0,0.0,1,0,1,1,43.0,0,360000.0
9164049071,1,729.0,4.0,0,6.0,2,1,1,0,30.0,1,275000.0
4336726880,0,666.0,5.0,0,0.0,2,1,1,0,35.0,0,284415.299555
1892120669,0,753.0,5.0,0,6.0,2,0,1,1,40.0,1,440000.0
8880381815,1,886.0,5.0,0,0.0,2,1,1,0,34.0,0,48000.0
9442171425,0,439.0,4.0,0,4.0,3,0,1,2,32.0,1,660000.0
2750363292,0,1212.0,5.0,1,6.0,2,0,1,1,29.0,1,275000.0
3913744037,1,297.0,5.0,0,0.0,2,0,2,1,28.0,0,144000.0
5348003279,0,1026.0,5.0,0,0.0,1,0,2,1,28.0,0,480000.0
1288086652,0,339.0,5.0,0,6.0,1,0,2,1,29.0,1,440000.0
4476235367,0,271.0,1.0,0,2.0,2,0,2,1,30.0,1,110000.0
3298734294,1,1071.0,0.0,1,6.0,1,0,0,1,31.0,1,330000.0
5695084415,0,618.0,5.0,0,6.0,1,1,2,1,32.0,1,165000.0
4350866554,0,360.0,3.0,0,0.0,1,0,2,1,28.0,0,600000.0
3419190754,0,733.0,5.0,0,4.0,2,0,1,1,40.0,1,550000.0
4497326671,0,682.0,3.0,0,0.0,2,0,1,1,29.0,0,284415.299555
9792719672,1,218.0,4.0,0,6.0,2,0,2,1,38.0,1,528000.0
1921206894,0,510.0,3.0,0,2.0,1,1,1,1,41.0,1,198000.0
6604669502,1,372.0,4.0,0,0.0,0,1,2,3,33.0,0,77000.0
2373167024,0,3487.0,1.0,0,1.0,2,1,2,1,33.0,1,325600.0
3988203332,0,339.0,5.0,1,0.0,2,1,2,1,44.0,0,286000.0
4847988237,0,178.0,3.0,1,6.0,2,0,1,1,43.0,1,220000.0
5080754334,0,606.0,5.0,0,6.0,1,0,2,1,39.0,1,110000.0
5898120995,0,215.0,5.0,0,6.0,1,1,1,1,26.0,1,132000.0
5773051173,1,533.0,2.0,0,3.0,2,0,1,2,29.0,1,330000.0
2746795632,0,470.0,2.0,1,6.0,2,1,2,1,44.0,1,220000.0
2606114764,1,2445.0,5.0,0,6.0,2,0,1,0,42.0,1,330000.0
7210723238,0,723.0,5.0,1,6.0,1,1,1,1,36.0,1,275000.0
1104389006,0,2858.0,4.0,0,5.0,1,1,1,1,26.0,1,165000.0
9845828614,1,1328.0,0.0,0,1.0,2,0,1,0,26.0,1,825000.0
3119988297,0,198.0,5.0,0,6.0,0,1,0,1,38.0,1,198000.0
7483594912,0,32.0,5.0,0,0.0,1,1,1,1,32.0,0,192000.0
2610695629,0,222.0,2.0,0,0.0,2,0,2,1,23.0,0,660000.0
3601132624,1,258.0,4.0,0,0.0,2,1,2,1,28.0,0,220000.0
9478427902,0,4828.0,5.0,1,6.0,1,1,2,1,29.0,1,240000.0
1707284761,0,245.0,3.0,1,6.0,2,1,1,1,30.0,1,253000.0
3457818790,0,826.0,5.0,0,0.0,2,1,2,0,23.0,0,192000.0
7038032168,0,4896.0,2.0,0,0.0,2,1,2,1,33.0,0,440000.0
6825768883,0,67.0,4.0,0,4.0,1,0,1,1,35.0,1,220000.0
2246622383,0,100.0,5.0,1,6.0,2,0,1,1,32.0,1,132000.0
1615532287,0,648.0,1.0,0,3.0,2,1,1,1,34.0,1,165000.0
6540024121,1,776.0,1.0,0,6.0,2,1,1,0,34.0,1,792000.0
3006045400,0,224.0,3.0,0,6.0,2,1,1,1,39.0,1,220000.0
6819782604,1,167.0,0.0,0,6.0,2,1,2,1,46.0,1,132000.0
9366636131,1,334.0,5.0,1,0.0,2,1,1,3,44.0,0,220000.0
5709904884,0,280.0,3.0,0,5.0,1,0,2,1,32.0,1,288000.0
2636722159,0,373.0,5.0,0,6.0,2,0,2,0,36.0,1,240000.0
5733285355,0,75.0,0.0,0,3.0,2,1,1,0,39.0,1,165000.0
2300851247,1,280.0,5.0,0,6.0,2,0,1,1,30.0,1,330000.0
8550857009,0,709.0,3.0,0,6.0,2,0,2,1,34.0,1,284415.299555
5665931957,1,4999.0,1.0,0,5.0,2,0,2,0,33.0,1,480000.0
3054378668,0,1231.0,5.0,1,0.0,2,1,1,0,26.0,0,220000.0
8710405577,1,954.0,0.0,0,3.0,2,0,1,2,26.0,1,330000.0
6674177866,0,427.0,2.0,1,6.0,2,1,2,1,28.0,1,396000.0
9500422035,0,1560.0,2.0,1,4.0,3,0,2,1,35.0,1,284415.299555
3096445519,0,1273.0,5.0,0,3.0,1,0,1,1,32.0,1,240000.0
4991604311,0,224.0,5.0,0,0.0,1,1,2,1,42.0,0,192000.0
1557417067,1,316.0,4.0,0,0.0,1,1,2,0,33.0,0,550000.0
3388645937,1,463.0,3.0,0,0.0,1,1,1,2,22.0,0,24000.0
2451912502,0,1891.0,5.0,0,4.0,2,1,2,1,26.0,1,120000.0
4613150895,0,603.0,2.0,0,0.0,2,1,1,0,25.0,0,288000.0
8239972608,0,843.0,2.0,0,5.0,2,1,2,1,28.0,1,715000.0
2776111859,0,107.0,3.0,0,6.0,3,0,1,1,40.0,1,715000.0
9921434346,0,112.0,5.0,1,0.0,1,0,2,1,45.0,0,720000.0
1802377828,0,255.0,4.0,0,5.0,1,1,1,1,26.0,1,330000.0
5212256963,0,635.0,2.0,1,0.0,2,0,1,1,24.0,0,330000.0
5051613304,0,924.0,4.0,0,4.0,2,0,1,1,24.0,1,176000.0
1800018025,0,110.0,3.0,0,4.0,2,1,1,1,31.0,1,275000.0
6127043037,0,688.0,5.0,0,6.0,2,0,2,1,41.0,1,440000.0
1581673854,0,160.0,5.0,0,6.0,2,0,1,1,57.0,1,77000.0
9367555536,0,122.0,5.0,1,1.0,2,0,1,1,35.0,1,110000.0
6587788348,0,297.0,2.0,0,2.0,2,1,0,0,34.0,1,352000.0
7748166377,1,167.0,2.0,0,4.0,2,0,2,0,32.0,1,242000.0
2412688377,0,2052.0,1.0,0,5.0,2,1,1,0,22.0,1,220000.0
1355461896,1,241.0,1.0,0,2.0,2,0,0,2,31.0,1,165000.0
2772992716,0,206.0,5.0,0,2.0,0,1,0,1,45.0,1,66000.0
5941788941,0,2965.0,5.0,0,6.0,2,0,2,2,45.0,1,550000.0
7899551322,0,539.0,5.0,0,0.0,1,1,2,1,35.0,0,385000.0
2174427212,0,2683.0,3.0,1,5.0,2,0,1,1,31.0,1,825000.0
9254134796,0,4999.0,5.0,0,6.0,2,0,2,1,44.0,1,880000.0
8466486442,1,120.0,5.0,0,0.0,1,1,2,1,31.0,0,240000.0
8379961584,1,107.0,5.0,1,0.0,0,1,1,1,31.0,0,330000.0
6053141354,0,1074.0,5.0,0,6.0,2,0,0,1,33.0,1,132000.0
3596771176,0,229.0,2.0,0,5.0,2,0,1,1,25.0,1,357500.0
3759423303,0,234.0,5.0,0,4.0,2,0,0,1,30.0,1,330000.0
2172723080,0,423.0,3.0,0,4.0,2,1,1,2,28.0,1,120000.0
8361684012,1,205.0,3.0,0,0.0,2,1,0,1,27.0,0,284415.299555
3785558347,0,454.0,2.0,0,2.0,2,0,1,1,32.0,1,231000.0
9984848342,0,231.0,5.0,0,0.0,2,0,1,1,45.0,0,240000.0
3276893093,1,229.0,1.0,0,5.0,2,1,1,0,28.0,1,110000.0
8699204874,0,87.0,3.0,0,5.0,2,0,1,2,32.0,1,176000.0
2017422091,0,147.0,5.0,0,5.0,2,0,2,1,32.0,1,715000.0
9566466816,1,78.0,5.0,0,4.0,2,1,0,0,26.0,1,240000.0
8419449580,0,724.0,5.0,0,0.0,0,1,1,0,28.0,0,284415.299555
3899747029,1,733.0,5.0,0,0.0,2,0,2,1,30.0,0,360000.0
1121771521,0,296.0,5.0,0,0.0,1,0,2,0,19.0,0,144000.0
1660359942,0,577.0,2.0,0,5.0,1,0,1,1,33.0,1,284415.299555
7064844459,0,177.0,1.0,0,0.0,2,0,1,0,28.0,0,165000.0
7961003085,0,4204.0,5.0,0,6.0,2,1,2,1,27.0,1,165000.0
4712104880,1,691.0,3.0,0,0.0,1,0,0,2,29.0,0,72000.0
2736962869,0,823.0,2.0,0,0.0,2,1,1,1,35.0,0,72000.0
3940996743,0,227.0,5.0,0,5.0,0,1,0,1,30.0,1,154000.0
2003490834,0,166.0,3.0,0,0.0,2,0,1,1,36.0,0,220000.0
2704294846,0,2541.0,2.0,0,1.0,1,1,1,1,29.0,1,159500.0
8735273100,1,170.0,5.0,1,0.0,2,0,2,1,28.0,0,44000.0
7079410217,0,222.0,5.0,1,6.0,2,0,1,1,45.0,1,550000.0
9714859999,0,468.0,3.0,0,0.0,2,0,1,1,31.0,0,330000.0
7469550321,1,1412.0,2.0,0,2.0,2,0,1,1,29.0,1,198000.0
4421592908,0,2855.0,5.0,0,3.0,2,0,2,1,26.0,1,242000.0
2269998618,0,1976.0,5.0,0,6.0,2,1,1,0,28.0,1,385000.0
5560444736,1,234.0,5.0,0,0.0,1,0,1,0,31.0,0,168000.0
9386396081,1,283.0,5.0,0,0.0,1,1,1,1,45.0,0,330000.0
2534163140,0,98.0,5.0,0,0.0,0,1,2,1,34.0,0,144000.0
3483024126,0,1798.0,0.0,0,0.0,1,0,1,0,19.0,0,72000.0
5571509882,0,107.0,2.0,0,6.0,1,1,1,0,27.0,1,172800.0
7989328264,0,2721.0,5.0,0,0.0,1,1,1,1,28.0,0,360000.0
2647495124,0,2036.0,5.0,1,0.0,3,0,0,0,34.0,0,284415.299555
6240263090,0,32.0,5.0,0,6.0,1,1,0,1,44.0,1,330000.0
3519636844,0,234.0,5.0,0,6.0,2,0,2,0,35.0,1,374000.0
6408292681,0,351.0,5.0,0,0.0,2,0,1,1,44.0,0,363000.0
3752805269,1,4705.0,5.0,0,6.0,2,1,2,1,39.0,1,231000.0
3061012163,0,1349.0,2.0,0,2.0,2,0,2,1,32.0,1,550000.0
8195370829,0,440.0,3.0,0,6.0,1,0,1,0,34.0,1,110000.0
7258291810,0,213.0,5.0,0,0.0,1,1,2,1,36.0,0,550000.0
5174506041,0,478.0,4.0,0,1.0,2,0,2,1,35.0,1,284415.299555
2182911230,0,192.0,5.0,1,0.0,2,1,2,1,34.0,0,120000.0
3381094541,0,861.0,5.0,0,6.0,2,0,1,1,43.0,1,319000.0
6766803957,1,424.0,5.0,0,6.0,2,1,1,0,37.0,1,440000.0
7020135676,0,185.0,4.0,0,6.0,1,1,1,1,33.0,1,165000.0
4906074010,1,1128.0,3.0,0,6.0,2,0,2,1,28.0,1,550000.0
8053556486,0,404.0,3.0,0,0.0,2,1,1,0,27.0,0,284415.299555
6348357419,0,293.0,5.0,1,6.0,2,1,0,1,53.0,1,803000.0
3082010991,0,4981.0,4.0,1,4.0,2,1,2,2,21.0,1,720000.0
3902245778,0,275.0,3.0,0,0.0,2,1,2,1,29.0,0,550000.0
7272279612,0,558.0,0.0,0,4.0,2,0,2,0,28.0,1,825000.0
2894538443,0,226.0,5.0,1,6.0,2,1,2,1,43.0,1,561000.0
3380009999,0,1118.0,0.0,0,3.0,2,1,2,2,24.0,1,330000.0
7743920692,0,257.0,2.0,0,2.0,1,0,1,0,26.0,1,120000.0
6374813065,0,2051.0,5.0,0,0.0,1,1,2,0,30.0,0,275000.0
9045211188,1,213.0,5.0,0,6.0,2,1,1,1,29.0,1,220000.0
8194919845,0,501.0,5.0,1,0.0,2,1,2,1,42.0,0,550000.0
5418329969,0,57.0,3.0,0,6.0,0,1,1,1,37.0,1,284415.299555
9851390076,0,1515.0,2.0,0,3.0,1,1,1,2,38.0,1,275000.0
9255169851,0,364.0,5.0,0,1.0,2,0,1,1,25.0,1,220000.0
8600102728,1,77.0,4.0,0,6.0,2,0,0,1,32.0,1,264000.0
4110112364,1,1454.0,5.0,1,6.0,2,0,1,0,29.0,1,880000.0
8603630266,0,291.0,2.0,1,6.0,2,0,2,1,39.0,1,330000.0
7381703622,1,281.0,5.0,1,0.0,2,0,1,0,28.0,0,72000.0
1838953053,0,516.0,5.0,0,0.0,2,0,2,1,37.0,0,240000.0
5134405695,0,686.0,5.0,1,5.0,1,0,1,0,25.0,1,495000.0
3418297468,0,1581.0,4.0,0,6.0,1,1,2,1,32.0,1,220000.0
8210865312,0,561.0,5.0,1,6.0,2,1,2,1,38.0,1,550000.0
1676546225,1,224.0,3.0,0,6.0,2,1,2,0,36.0,1,120000.0
1932568661,0,1161.0,3.0,0,4.0,2,0,1,2,34.0,1,284415.299555
3537152988,0,1384.0,5.0,0,6.0,2,0,2,0,37.0,1,284415.299555
2158215982,1,116.0,5.0,1,0.0,1,1,2,1,51.0,0,220000.0
3010231585,1,328.0,3.0,0,3.0,2,0,1,0,29.0,1,330000.0
7581223009,0,52.0,0.0,0,6.0,2,0,1,1,41.0,1,770000.0
3337427873,1,54.0,5.0,1,0.0,1,0,1,1,25.0,0,165000.0
8451978998,1,667.0,4.0,0,5.0,2,0,1,1,33.0,1,275000.0
3937976240,1,1395.0,5.0,0,5.0,2,0,1,1,34.0,1,165000.0
5530713621,1,636.0,3.0,0,0.0,2,0,1,1,29.0,0,96000.0
7833101639,0,3185.0,4.0,0,6.0,2,0,2,0,36.0,1,902000.0
5217601507,0,1802.0,3.0,0,6.0,2,0,1,0,32.0,1,385000.0
4733088866,1,384.0,5.0,1,6.0,2,0,2,1,50.0,1,253000.0
9900698075,0,782.0,0.0,1,1.0,1,1,1,1,30.0,1,275000.0
3540597152,1,56.0,5.0,0,3.0,1,1,1,1,26.0,1,473000.0
4650748452,0,400.0,5.0,1,0.0,1,1,2,1,36.0,0,24000.0
2151915927,0,79.0,3.0,0,0.0,1,0,1,0,25.0,0,120000.0
1661126978,0,207.0,5.0,0,2.0,2,1,2,0,26.0,1,220000.0
6430736429,0,247.0,3.0,0,6.0,2,0,1,1,29.0,1,275000.0
5626937841,0,103.0,4.0,0,0.0,1,1,0,1,29.0,0,88000.0
7526661511,0,213.0,5.0,0,6.0,2,1,1,1,54.0,1,880000.0
5339810676,0,169.0,1.0,0,0.0,1,0,2,1,39.0,0,192000.0
8251050249,0,302.0,4.0,0,0.0,2,0,1,0,26.0,0,288000.0
9448842124,0,785.0,5.0,0,0.0,1,0,0,1,35.0,0,165000.0
2916310278,1,79.0,5.0,0,0.0,2,1,2,1,42.0,0,192000.0
3751323480,0,250.0,5.0,1,6.0,1,0,0,1,50.0,1,220000.0
5004213430,0,163.0,3.0,0,6.0,1,0,1,1,33.0,1,120000.0
2535886983,0,135.0,5.0,0,4.0,2,0,2,1,35.0,1,682000.0
6825205022,0,999.0,5.0,1,4.0,2,0,1,0,28.0,1,165000.0
4447877474,0,99.0,1.0,0,0.0,2,0,0,0,27.0,0,96000.0
9468184407,0,194.0,5.0,0,0.0,2,0,2,1,35.0,0,352000.0
5979082957,0,222.0,2.0,0,3.0,2,1,0,1,25.0,1,275000.0
4078124092,0,211.0,2.0,1,0.0,1,0,1,1,28.0,0,220000.0
1733220813,0,346.0,1.0,0,0.0,1,0,2,1,31.0,0,144000.0
4664935120,0,332.0,2.0,0,2.0,2,0,2,0,24.0,1,55000.0
4212164517,0,3881.0,2.0,0,1.0,2,0,2,1,35.0,1,275000.0
1415981696,1,20.0,2.0,0,4.0,1,0,1,2,36.0,1,220000.0
1649825327,0,66.0,5.0,0,6.0,2,0,1,1,42.0,1,220000.0
4572113844,0,456.0,5.0,0,6.0,1,0,2,1,39.0,1,198000.0
4724843699,0,1086.0,3.0,0,5.0,2,0,2,1,31.0,1,550000.0
6540127756,0,247.0,4.0,0,6.0,2,1,1,1,45.0,1,772200.0
1464733109,0,200.0,3.0,0,6.0,1,1,1,1,41.0,1,385000.0
2571797067,1,824.0,2.0,0,1.0,2,0,1,2,28.0,1,84000.0
8145138919,0,1263.0,4.0,0,4.0,2,0,2,1,27.0,1,533500.0
1066585922,0,432.0,5.0,0,3.0,2,0,0,1,31.0,1,330000.0
7268198319,0,307.0,5.0,0,6.0,1,0,1,0,28.0,1,55000.0
8201813416,0,230.0,5.0,1,0.0,0,0,2,1,43.0,0,275000.0
6166787811,0,889.0,5.0,0,5.0,2,0,1,1,31.0,1,198000.0
9360194810,1,159.0,5.0,0,0.0,2,1,1,2,50.0,0,550000.0
7812481370,0,207.0,5.0,0,0.0,2,0,2,1,33.0,0,330000.0
9594494228,1,2680.0,2.0,1,3.0,1,0,2,0,27.0,1,220000.0
5494244789,1,935.0,5.0,0,6.0,2,0,1,1,50.0,1,417186.0
6932669121,0,922.0,4.0,0,4.0,1,0,2,1,27.0,1,201630.0
5570008040,1,71.0,1.0,0,3.0,2,0,2,1,30.0,1,440000.0
1433787755,0,1808.0,5.0,1,0.0,2,0,2,0,21.0,0,27500.0
3997325567,1,271.0,3.0,0,6.0,2,0,1,0,36.0,1,132000.0
4390479181,0,46.0,5.0,1,0.0,1,1,2,1,37.0,0,168000.0
8638580379,0,631.0,4.0,0,6.0,2,1,2,1,38.0,1,198000.0
2516578297,0,855.0,2.0,0,2.0,2,1,1,3,32.0,1,220000.0
6298599815,1,2028.0,3.0,0,0.0,2,0,1,0,24.0,0,165000.0
8341793330,0,145.0,3.0,0,0.0,1,1,2,1,42.0,0,360000.0
4954349033,0,419.0,5.0,0,4.0,2,0,2,1,34.0,1,396000.0
8993973315,0,295.0,2.0,0,0.0,1,1,2,0,22.0,0,284415.299555
7503162837,0,237.0,4.0,0,5.0,1,1,1,1,33.0,1,168000.0
7823111794,0,233.0,5.0,0,0.0,1,0,2,1,37.0,0,72000.0
5413136059,1,498.0,0.0,0,0.0,2,1,1,1,27.0,0,220000.0
9317300927,1,1748.0,2.0,1,0.0,1,0,2,1,33.0,0,198000.0
8609804338,0,1103.0,5.0,0,2.0,2,0,1,1,30.0,1,159500.0
7907830040,1,88.0,5.0,0,0.0,2,1,2,1,36.0,0,284415.299555
4178348652,0,234.0,4.0,0,6.0,2,1,1,1,30.0,1,220000.0
1628091660,1,694.0,3.0,0,0.0,2,0,2,0,36.0,0,720000.0
3390119816,0,309.0,5.0,0,6.0,2,1,1,1,31.0,1,121000.0
1314735035,1,1572.0,5.0,0,0.0,2,1,1,1,31.0,0,576000.0
7312055154,0,560.0,4.0,0,0.0,2,0,2,0,23.0,0,440000.0
1307595846,0,424.0,2.0,0,2.0,2,0,2,0,46.0,1,165000.0
1931231157,0,596.0,0.0,0,4.0,2,1,1,0,26.0,1,228250.0
1907063151,1,213.0,5.0,1,0.0,2,0,1,1,33.0,0,330000.0
8615494905,0,607.0,3.0,0,6.0,2,0,1,1,32.0,1,616000.0
1795159548,1,2170.0,1.0,0,0.0,2,0,1,1,23.0,0,284415.299555
7330824170,1,1919.0,2.0,0,3.0,1,0,1,0,23.0,1,110000.0
4883396224,0,2530.0,1.0,0,3.0,2,0,1,0,29.0,1,550000.0
7088580488,1,86.0,5.0,1,3.0,2,0,1,0,33.0,1,330000.0
1197328073,1,431.0,4.0,0,6.0,2,1,2,3,39.0,1,880000.0
5755633864,0,958.0,4.0,1,5.0,1,0,1,2,32.0,1,110000.0
4094268919,0,920.0,4.0,0,6.0,1,0,1,1,24.0,1,242000.0
5610431323,0,250.0,4.0,0,4.0,1,0,1,0,22.0,1,96000.0
8017301815,1,82.0,5.0,0,0.0,2,0,0,0,26.0,0,55000.0
4032452127,0,547.0,4.0,0,0.0,2,0,2,1,26.0,0,330000.0
4252440796,1,89.0,5.0,0,0.0,1,0,1,0,40.0,0,144000.0
8100109588,0,428.0,2.0,0,4.0,2,0,1,2,27.0,1,308000.0
4716039696,0,187.0,3.0,0,6.0,1,0,1,1,30.0,1,330000.0
8948179644,0,1879.0,2.0,0,4.0,2,1,1,2,31.0,1,385000.0
9583895012,0,442.0,5.0,1,6.0,2,0,1,1,32.0,1,330000.0
7614759494,0,179.0,1.0,0,3.0,1,0,2,1,25.0,1,99000.0
2696051892,0,560.0,5.0,0,0.0,1,0,0,1,42.0,0,165000.0
2583567580,0,202.0,5.0,0,1.0,3,0,1,1,38.0,1,284415.299555
7822001133,0,695.0,3.0,1,0.0,2,0,1,1,33.0,0,440000.0
1648126910,0,407.0,3.0,0,3.0,2,0,1,0,19.0,1,111353.0
5579357593,0,274.0,5.0,0,0.0,2,1,1,0,28.0,0,284415.299555
7624836270,0,1101.0,5.0,0,2.0,0,0,1,1,32.0,1,165000.0
5594363895,0,531.0,0.0,0,2.0,2,0,1,2,24.0,1,363000.0
3814425270,1,310.0,2.0,0,3.0,1,0,0,1,28.0,1,110000.0
4587521056,1,1526.0,4.0,0,2.0,2,1,2,2,23.0,1,110000.0
4166295326,0,1094.0,4.0,0,2.0,2,1,1,1,26.0,1,220000.0
1757809206,0,1219.0,5.0,0,0.0,2,0,2,2,22.0,0,110000.0
9945630480,0,328.0,5.0,0,5.0,1,0,1,1,31.0,1,220000.0
8232732829,0,229.0,4.0,0,5.0,1,0,2,0,26.0,1,495000.0
9981142125,0,408.0,5.0,1,6.0,1,0,2,1,47.0,1,284415.299555
4387253723,0,415.0,3.0,0,1.0,2,0,2,0,27.0,1,440000.0
2105390081,1,59.0,5.0,1,6.0,2,1,2,1,38.0,1,401500.0
8401108350,0,554.0,2.0,0,0.0,2,0,1,0,23.0,0,55000.0
3743259894,1,407.0,5.0,0,1.0,2,0,0,2,23.0,1,220000.0
3576021824,1,729.0,2.0,0,3.0,3,0,2,0,27.0,1,330000.0
2972009047,0,154.0,1.0,0,0.0,2,1,0,0,20.0,0,284415.299555
5312329083,0,292.0,4.0,0,0.0,0,1,2,1,43.0,0,284415.299555
1006266651,1,404.0,1.0,0,0.0,2,0,1,0,53.0,0,284415.299555
8345153046,1,478.0,0.0,0,6.0,2,0,2,3,50.0,1,605000.0
6059655032,0,1664.0,5.0,1,6.0,1,1,2,1,39.0,1,240000.0
3805746294,0,258.0,4.0,0,4.0,0,1,0,1,30.0,1,109440.0
4869342318,0,233.0,3.0,0,0.0,2,1,2,1,26.0,0,96000.0
6307005446,1,445.0,1.0,0,3.0,2,0,0,2,33.0,1,144000.0
6848523196,1,972.0,3.0,0,1.0,2,0,1,2,22.0,1,165000.0
9289420258,0,238.0,3.0,0,2.0,2,1,0,1,25.0,1,330000.0
4540783923,0,2415.0,3.0,0,4.0,2,0,1,0,25.0,1,187000.0
7762100560,1,201.0,1.0,0,2.0,0,0,1,0,36.0,1,480000.0
8237091184,0,2037.0,3.0,0,3.0,3,1,2,1,31.0,1,284415.299555
2235447216,1,1268.0,5.0,0,4.0,2,1,0,2,30.0,1,384000.0
7232432889,0,575.0,2.0,0,6.0,1,1,0,1,31.0,1,165000.0
4746602099,0,1024.0,3.0,0,0.0,1,1,1,0,23.0,0,284415.299555
5284029609,0,626.0,2.0,0,6.0,2,1,2,1,36.0,1,550000.0
5511930733,1,226.0,5.0,1,6.0,2,1,1,3,32.0,1,561000.0
6896652654,1,808.0,5.0,1,4.0,2,1,1,1,30.0,1,385000.0
8115915015,0,505.0,1.0,0,2.0,0,0,1,1,36.0,1,770000.0
4460847262,0,123.0,3.0,1,5.0,2,0,2,1,33.0,1,550000.0
3341030922,0,786.687690743,1.0,0,1.0,1,1,1,0,27.0,1,275000.0
3379597805,1,304.0,3.0,0,0.0,2,0,1,1,25.0,0,110000.0
7589645523,1,385.0,1.0,0,2.0,2,0,1,2,25.0,1,517000.0
4756053552,0,622.0,5.0,0,6.0,2,1,2,1,24.0,1,284415.299555
3804528307,0,786.687690743,1.0,0,4.0,2,0,1,1,31.0,1,284415.299555
8594242129,0,154.0,0.0,0,0.0,2,0,1,1,30.0,0,220000.0
2990471607,0,256.0,5.0,1,6.0,2,0,2,1,31.0,1,660000.0
8707691098,0,786.687690743,5.0,0,3.0,2,0,1,0,30.0,1,220000.0
6171176971,0,269.0,5.0,0,0.0,0,0,1,1,25.0,0,120000.0
2614224686,1,628.0,2.0,0,1.0,2,1,1,1,30.0,1,495000.0
2345287133,0,786.687690743,3.0,1,6.0,3,0,2,1,47.0,1,284415.299555
8838001754,0,3851.0,2.0,1,2.0,2,0,2,1,23.0,1,385000.0
4368145247,0,580.0,2.0,0,2.0,2,0,1,1,26.0,1,284415.299555
6972053524,0,197.0,5.0,0,6.0,2,0,2,0,32.0,1,110000.0
4202412536,0,584.0,0.0,0,1.0,2,1,1,1,23.0,1,275000.0
1810141165,0,786.687690743,2.0,0,2.0,2,0,1,1,34.0,1,284415.299555
4785949170,0,786.687690743,5.0,0,6.0,1,0,1,1,32.0,1,176000.0
2772007373,0,93.0,5.0,0,0.0,1,0,2,1,39.0,0,168000.0
6490017335,0,786.687690743,3.0,0,0.0,2,0,1,0,37.0,0,48000.0
6094242225,1,410.0,3.0,0,5.0,2,0,2,0,26.0,1,330000.0
9889040447,0,786.687690743,5.0,1,6.0,1,0,2,1,50.0,1,220000.0
6768500803,0,540.0,4.0,0,0.0,2,0,1,0,23.0,0,284415.299555
2121469740,1,249.0,5.0,0,6.0,2,0,2,1,32.0,1,275000.0
2847751420,0,786.687690743,5.0,0,0.0,2,0,2,1,32.0,0,275000.0
4473052530,0,786.687690743,4.0,0,6.0,1,0,2,1,32.0,1,385000.0
5213679097,0,786.687690743,5.0,0,0.0,1,0,2,1,38.0,0,240000.0
5507647821,0,1524.0,5.0,1,6.0,1,0,1,1,31.0,1,352000.0
7547786426,0,613.0,5.0,0,0.0,2,0,2,1,26.0,0,330000.0
4702513294,0,493.0,3.0,0,2.0,2,0,2,0,23.0,1,132000.0
4461208066,0,786.687690743,5.0,0,6.0,1,1,2,1,38.0,1,165000.0
6504272298,0,969.0,5.0,0,0.0,2,0,1,1,29.0,0,336000.0
1174725935,0,786.687690743,5.0,0,0.0,1,0,2,1,42.0,0,192000.0
3116973938,1,4705.0,5.0,1,0.0,2,0,1,1,43.0,0,330000.0
5781556178,0,786.687690743,5.0,0,6.0,2,1,2,1,36.0,1,330000.0
7161900629,0,189.0,5.0,0,0.0,2,1,1,1,27.0,0,165000.0
6640166679,0,503.0,2.0,0,1.0,2,0,1,0,22.0,1,144000.0
