person_id_random,currentDate,loanStartDatesFirst,loanPaidDatesLast,payoffDays,paidOff,paidOffDuring30
7346661357,2015-08-19,2015-03-03,,169.0,0,1
9468184407,2015-08-19,2015-07-21,2015-08-15,25.0,1,0
2990883566,2015-08-19,2014-12-29,,233.0,0,1
2320175519,2015-08-19,2015-05-08,2015-05-26,18.0,1,0
5330295937,2015-08-19,2014-05-23,2014-06-08,16.0,1,0
7629417453,2015-08-19,2015-06-02,,78.0,0,1
5594363895,2015-08-19,2015-07-20,,30.0,0,0
5935455253,2015-08-19,2015-02-28,2015-03-14,14.0,1,0
5254531566,2015-08-19,2015-03-17,2015-04-07,21.0,1,0
8230219163,2015-08-19,2015-05-29,2015-06-08,10.0,1,0
3152634654,2015-08-19,2015-07-17,2015-08-07,21.0,1,0
7598871262,2015-08-19,2015-04-09,2015-04-27,18.0,1,0
5781556178,2015-08-19,2015-07-28,2015-08-12,15.0,1,0
8834809018,2015-08-19,2015-04-14,,127.0,0,1
7442299181,2015-08-19,2015-03-25,2015-04-08,14.0,1,0
7076340710,2015-08-19,2015-03-31,2015-06-10,71.0,1,1
5843534196,2015-08-19,2015-05-30,2015-06-03,4.0,1,0
5563120467,2015-08-19,2014-06-09,,436.0,0,1
3225694348,2015-08-19,2014-08-18,2014-09-10,23.0,1,0
1389690912,2015-08-19,2015-04-12,2015-05-04,22.0,1,0
9148351638,2015-08-19,2015-04-25,,116.0,0,1
1784191842,2015-08-19,2015-03-29,2015-05-05,37.0,1,1
4239791639,2015-08-19,2014-05-07,2014-05-27,20.0,1,0
8634554863,2015-08-19,2015-04-15,2015-04-21,6.0,1,0
7228483529,2015-08-19,2015-05-30,2015-06-05,6.0,1,0
1660359942,2015-08-19,2015-06-23,2015-07-05,12.0,1,0
4850039402,2015-08-19,2015-03-29,2015-04-03,5.0,1,0
3418297468,2015-08-19,2015-07-05,,45.0,0,1
2174427212,2015-08-19,2015-06-21,2015-06-29,8.0,1,0
2562664921,2015-08-19,2015-04-22,2015-04-26,4.0,1,0
7064844459,2015-08-19,2015-06-23,2015-07-17,24.0,1,0
1112017768,2015-08-19,2015-05-28,,83.0,0,1
3079511469,2015-08-19,2015-04-26,,115.0,0,1
5781022158,2015-08-19,2014-12-20,,242.0,0,1
1853627736,2015-08-19,2015-05-27,2015-06-17,21.0,1,0
8401108350,2015-08-19,2015-07-22,,28.0,0,0
7035285544,2015-08-19,2015-06-02,2015-06-12,10.0,1,0
2893571939,2015-08-19,2015-06-05,2015-06-15,10.0,1,0
7371265289,2015-08-19,2015-04-09,2015-04-16,7.0,1,0
1775406254,2015-08-19,2014-09-22,,331.0,0,1
4509848841,2015-08-19,2015-03-11,2015-03-27,16.0,1,0
9013261149,2015-08-19,2015-05-29,2015-06-05,7.0,1,0
9500422035,2015-08-19,2015-06-19,2015-07-12,23.0,1,0
8710405577,2015-08-19,2015-06-16,,64.0,0,1
3988203332,2015-08-19,2015-06-09,2015-06-15,6.0,1,0
8387614970,2015-08-19,2015-05-21,2015-06-09,19.0,1,0
6526183719,2015-08-19,2014-07-17,,398.0,0,1
5331332312,2015-08-19,2015-02-11,2015-03-04,21.0,1,0
8540590529,2015-08-19,2014-10-16,2014-11-15,30.0,1,0
3540597152,2015-08-19,2015-07-10,,40.0,0,1
6620932848,2015-08-19,2014-09-21,,332.0,0,1
1795159548,2015-08-19,2015-07-17,,33.0,0,1
6872355869,2015-08-19,2015-04-25,2015-04-26,1.0,1,0
4756053552,2015-08-19,2015-07-24,2015-08-14,21.0,1,0
2372935146,2015-08-19,2015-04-03,2015-04-11,8.0,1,0
2287514871,2015-08-19,2014-05-03,2014-05-24,21.0,1,0
2358807840,2015-08-19,2014-06-17,,428.0,0,1
7318322753,2015-08-19,2015-03-27,,145.0,0,1
6562772473,2015-08-19,2015-05-19,,92.0,0,1
8017301815,2015-08-19,2015-07-18,2015-08-09,22.0,1,0
6540024121,2015-08-19,2015-06-13,2015-06-21,8.0,1,0
1463175554,2015-08-19,2015-03-19,2015-04-10,22.0,1,0
9443631847,2015-08-19,2015-04-02,2015-04-09,7.0,1,0
8392403933,2015-08-19,2014-10-02,2014-10-16,14.0,1,0
3686319819,2015-08-19,2015-07-08,2015-07-13,5.0,1,0
3818103704,2015-08-19,2015-03-30,2015-04-05,6.0,1,0
5804388965,2015-08-19,2015-03-29,2015-04-15,17.0,1,0
5815782196,2015-08-19,2014-12-11,,251.0,0,1
1288086652,2015-08-19,2015-07-08,2015-07-14,6.0,1,0
5048210603,2015-08-19,2015-02-28,,172.0,0,1
4792563816,2015-08-19,2015-05-29,2015-06-09,11.0,1,0
6374813065,2015-08-19,2015-07-02,2015-07-14,12.0,1,0
6687103750,2015-08-19,2015-01-21,2015-02-04,14.0,1,0
6491386882,2015-08-19,2015-03-19,2015-04-09,21.0,1,0
9973267281,2015-08-19,2015-03-23,2015-04-10,18.0,1,0
4042825054,2015-08-19,2015-04-27,2015-05-02,5.0,1,0
6917193248,2015-08-19,2015-03-17,2015-04-07,21.0,1,0
3752805269,2015-08-19,2015-06-27,2015-07-17,20.0,1,0
5903857819,2015-08-19,2015-01-29,,202.0,0,1
5570008040,2015-08-19,2015-07-15,2015-07-20,5.0,1,0
2612671805,2015-08-19,2014-10-24,,299.0,0,1
4746602099,2015-08-19,2015-07-24,2015-08-13,20.0,1,0
1733220813,2015-08-19,2015-07-14,2015-08-04,21.0,1,0
5377931105,2015-08-19,2014-06-16,2014-07-07,21.0,1,0
5826558835,2015-08-19,2014-09-27,2014-10-04,7.0,1,0
6177775040,2015-08-19,2015-03-27,,145.0,0,1
7419788148,2015-08-19,2014-12-06,,256.0,0,1
3764746080,2015-08-19,2014-07-29,2014-08-19,21.0,1,0
2436738636,2015-08-19,2015-05-25,,86.0,0,1
1616151767,2015-08-19,2015-04-03,,138.0,0,1
5449485614,2015-08-19,2015-03-28,2015-04-04,7.0,1,0
7472748908,2015-08-19,2015-04-20,2015-05-03,13.0,1,0
3785558347,2015-08-19,2015-06-22,2015-07-05,13.0,1,0
9677770426,2015-08-19,2015-03-03,2015-03-12,9.0,1,0
3483024126,2015-08-19,2015-07-25,2015-08-12,18.0,1,0
1743432522,2015-08-19,2015-03-30,2015-04-10,11.0,1,0
5898120995,2015-08-19,2015-06-10,2015-06-17,7.0,1,0
5120292396,2015-08-19,2014-11-04,,288.0,0,1
9808214543,2015-08-19,2015-04-10,,131.0,0,1
2571797067,2015-08-19,2015-07-14,2015-08-08,25.0,1,0
4342241928,2015-08-19,2014-05-15,,461.0,0,1
5574393088,2015-08-19,2015-05-11,2015-05-16,5.0,1,0
9045211188,2015-08-19,2015-07-02,2015-07-03,1.0,1,0
9255169851,2015-08-19,2015-07-04,2015-07-21,17.0,1,0
7930805770,2015-08-19,2014-12-18,,244.0,0,1
8714622022,2015-08-19,2015-05-19,2015-06-10,22.0,1,0
3744930975,2015-08-19,2015-01-08,,223.0,0,1
8450552497,2015-08-19,2015-03-09,2015-03-30,21.0,1,0
3054378668,2015-08-19,2015-06-16,2015-06-23,7.0,1,0
6507014956,2015-08-19,2015-04-02,2015-04-13,11.0,1,0
6055146943,2015-08-19,2015-04-09,,132.0,0,1
1978413484,2015-08-19,2014-06-12,2014-07-03,21.0,1,0
7258285849,2015-08-19,2014-12-16,2015-01-05,20.0,1,0
1998097878,2015-08-19,2015-03-24,2015-04-14,21.0,1,0
6768500803,2015-08-19,2015-07-27,2015-08-04,8.0,1,0
1921206894,2015-08-19,2015-06-26,2015-07-18,22.0,1,0
2669649960,2015-08-19,2014-05-27,,449.0,0,1
8155541862,2015-08-19,2015-04-16,2015-04-30,14.0,1,0
3080908054,2015-08-19,2015-04-01,2015-04-21,20.0,1,0
9367555536,2015-08-19,2015-06-20,,60.0,0,1
9984848342,2015-08-19,2015-06-22,2015-07-13,21.0,1,0
8993973315,2015-08-19,2015-07-16,2015-07-17,1.0,1,0
7389317375,2015-08-19,2015-05-31,2015-06-05,5.0,1,0
3561640239,2015-08-19,2015-05-06,,105.0,0,1
9754677030,2015-08-19,2015-04-09,2015-04-28,19.0,1,0
4951166708,2015-08-19,2015-03-29,2015-04-16,18.0,1,0
7549961913,2015-08-19,2014-10-30,,293.0,0,1
2151915927,2015-08-19,2015-07-10,2015-07-25,15.0,1,0
3585535472,2015-08-19,2014-05-07,2014-06-03,27.0,1,0
3517910470,2015-08-19,2015-05-22,,89.0,0,1
5115392371,2015-08-19,2015-05-06,2015-05-27,21.0,1,0
5174506041,2015-08-19,2015-06-29,2015-07-20,21.0,1,0
1197328073,2015-08-19,2015-07-18,2015-08-08,21.0,1,0
4002742728,2015-08-19,2014-08-18,2014-08-25,7.0,1,0
5816669626,2015-08-19,2015-05-07,2015-05-20,13.0,1,0
8251050249,2015-08-19,2015-07-11,2015-07-30,19.0,1,0
7640935498,2015-08-19,2014-07-24,2014-09-04,42.0,1,1
5657424461,2015-08-19,2015-04-11,2015-04-18,7.0,1,0
2567699254,2015-08-19,2015-05-11,2015-05-26,15.0,1,0
8100109588,2015-08-19,2015-07-19,,31.0,0,1
2373167024,2015-08-19,2015-06-09,2015-06-30,21.0,1,0
6166787811,2015-08-19,2015-07-14,,36.0,0,1
5799676461,2015-08-19,2014-06-03,2014-07-31,58.0,1,1
4906074010,2015-08-19,2015-06-29,2015-07-15,16.0,1,0
1355461896,2015-08-19,2015-06-20,2015-07-08,18.0,1,0
2003808034,2015-08-19,2015-06-12,2015-06-30,18.0,1,0
1817487983,2015-08-19,2014-05-21,2014-06-11,21.0,1,0
7430130268,2015-08-19,2015-02-28,2015-03-09,9.0,1,0
7470733511,2015-08-19,2015-04-03,2015-04-20,17.0,1,0
3565083094,2015-08-19,2014-08-29,,355.0,0,1
8389868976,2015-08-19,2015-03-14,2015-04-02,19.0,1,0
4020568831,2015-08-19,2015-02-23,2015-03-12,17.0,1,0
1183321030,2015-08-19,2014-06-16,2014-07-02,16.0,1,0
7378814827,2015-08-19,2014-10-01,2014-10-20,19.0,1,0
3380009999,2015-08-19,2015-07-01,2015-07-31,30.0,1,0
2776111859,2015-08-19,2015-06-18,2015-07-02,14.0,1,0
1314735035,2015-08-19,2015-07-17,2015-08-09,23.0,1,0
4002692992,2015-08-19,2015-06-01,2015-06-09,8.0,1,0
7822001133,2015-08-19,2015-07-20,2015-07-28,8.0,1,0
1676546225,2015-08-19,2015-07-06,,44.0,0,1
9513977406,2015-08-19,2014-08-28,,356.0,0,1
3670141772,2015-08-19,2014-05-20,2014-05-30,10.0,1,0
7366844365,2015-08-19,2015-05-15,,96.0,0,1
3061012163,2015-08-19,2015-07-09,2015-07-30,21.0,1,0
1497166208,2015-08-19,2015-03-29,2015-04-17,19.0,1,0
9889040447,2015-08-19,2015-07-27,,23.0,0,0
2016018499,2015-08-19,2015-04-27,,114.0,0,1
4110112364,2015-08-19,2015-07-04,2015-07-25,21.0,1,0
4656062708,2015-08-19,2014-04-22,2014-04-22,0.0,1,0
7961977516,2015-08-19,2015-03-31,,141.0,0,1
3219677874,2015-08-19,2014-09-07,,346.0,0,1
1006266651,2015-08-19,2015-07-22,,28.0,0,0
3596771176,2015-08-19,2015-06-21,2015-06-28,7.0,1,0
5741429746,2015-08-19,2015-03-27,2015-04-02,6.0,1,0
1516706338,2015-08-19,2014-08-29,,355.0,0,1
8638580379,2015-08-19,2015-07-15,2015-08-03,19.0,1,0
8000018034,2015-08-19,2015-05-29,2015-06-12,14.0,1,0
7303163256,2015-08-19,2015-04-03,2015-04-14,11.0,1,0
1670455912,2015-08-19,2015-05-30,2015-06-12,13.0,1,0
7020135676,2015-08-19,2015-06-29,2015-07-06,7.0,1,0
7581223009,2015-08-19,2015-07-08,2015-07-29,21.0,1,0
7088580488,2015-08-19,2015-07-18,2015-08-09,22.0,1,0
3743259894,2015-08-19,2015-07-22,2015-08-07,16.0,1,0
9366636131,2015-08-19,2015-06-15,2015-06-27,12.0,1,0
7777374938,2015-08-19,2014-06-08,2014-07-07,29.0,1,0
3401108129,2015-08-19,2014-12-24,,238.0,0,1
8716883625,2015-08-19,2015-05-29,2015-06-15,17.0,1,0
4097229256,2015-08-19,2015-02-10,2015-03-03,21.0,1,0
6033880411,2015-08-19,2015-01-26,2015-02-13,18.0,1,0
1777949145,2015-08-19,2015-05-29,2015-06-05,7.0,1,0
4738098277,2015-08-19,2015-03-29,2015-04-16,18.0,1,0
8057731840,2015-08-19,2014-07-23,,392.0,0,1
1299427536,2015-08-19,2014-07-23,2014-09-03,42.0,1,1
7585759305,2015-08-19,2014-09-11,,342.0,0,1
4581264233,2015-08-19,2015-04-02,,139.0,0,1
1272813046,2015-08-19,2015-02-10,2015-03-03,21.0,1,0
9745064088,2015-08-19,2015-05-02,2015-06-06,35.0,1,1
5682976418,2015-08-19,2015-05-14,2015-06-04,21.0,1,0
2398603694,2015-08-19,2015-05-25,2015-06-10,16.0,1,0
3010231585,2015-08-19,2015-07-09,2015-07-22,13.0,1,0
5085179989,2015-08-19,2014-10-02,2014-10-15,13.0,1,0
6015554652,2015-08-19,2015-05-20,2015-05-27,7.0,1,0
4461208066,2015-08-19,2015-07-28,2015-08-11,14.0,1,0
3252413480,2015-08-19,2015-02-22,2015-03-13,19.0,1,0
2151054057,2015-08-19,2014-10-10,2014-10-28,18.0,1,0
6224726229,2015-08-19,2015-03-19,,153.0,0,1
5945488348,2015-08-19,2015-03-15,2015-04-03,19.0,1,0
8946883110,2015-08-19,2015-04-13,2015-05-20,37.0,1,1
1615532287,2015-08-19,2015-06-13,2015-06-16,3.0,1,0
6768006410,2015-08-19,2015-01-26,2015-02-15,20.0,1,0
4811992520,2015-08-19,2015-03-19,,153.0,0,1
3624329372,2015-08-19,2014-08-29,,355.0,0,1
1280507511,2015-08-19,2014-10-01,,322.0,0,1
2033348143,2015-08-19,2015-04-30,,111.0,0,1
5217601507,2015-08-19,2015-07-10,2015-07-30,20.0,1,0
9453964086,2015-08-19,2014-07-21,,394.0,0,1
5511930733,2015-08-19,2015-07-24,2015-07-29,5.0,1,0
7268198319,2015-08-19,2015-07-14,2015-08-15,32.0,1,1
6268509017,2015-08-19,2014-09-23,2014-10-17,24.0,1,0
7502458411,2015-08-19,2015-04-22,2015-05-12,20.0,1,0
4740365226,2015-08-19,2015-03-31,2015-04-13,13.0,1,0
8550857009,2015-08-19,2015-06-16,2015-07-07,21.0,1,0
5312329083,2015-08-19,2015-07-29,2015-08-12,14.0,1,0
3321063881,2015-08-19,2015-03-17,2015-04-02,16.0,1,0
8609804338,2015-08-19,2015-07-17,2015-08-04,18.0,1,0
5988618720,2015-08-19,2015-03-09,2015-03-27,18.0,1,0
2648460353,2015-08-19,2015-04-09,2015-04-14,5.0,1,0
1648126910,2015-08-19,2015-07-21,,29.0,0,0
2345287133,2015-08-19,2015-07-26,2015-08-12,17.0,1,0
5359782636,2015-08-19,2015-03-25,2015-05-03,39.0,1,1
8053556486,2015-08-19,2015-06-29,2015-07-20,21.0,1,0
4493372220,2015-08-19,2015-03-01,2015-03-11,10.0,1,0
8126857977,2015-08-19,2015-05-22,2015-06-10,19.0,1,0
4792942529,2015-08-19,2015-04-16,2015-04-23,7.0,1,0
2704294846,2015-08-19,2015-06-24,2015-07-03,9.0,1,0
9594494228,2015-08-19,2015-07-14,2015-07-27,13.0,1,0
4949206686,2015-08-19,2015-03-11,2015-03-23,12.0,1,0
9804175165,2015-08-19,2015-02-15,2015-02-19,4.0,1,0
4847988237,2015-08-19,2015-06-09,2015-06-12,3.0,1,0
5559702426,2015-08-19,2015-06-10,2015-04-07,-64.0,1,0
3738922495,2015-08-19,2015-06-09,2015-06-13,4.0,1,0
9193097824,2015-08-19,2014-08-27,,357.0,0,1
4116829921,2015-08-19,2015-05-16,2015-05-23,7.0,1,0
7624836270,2015-08-19,2015-07-20,2015-08-10,21.0,1,0
7125219495,2015-08-19,2014-07-09,,406.0,0,1
7177006216,2015-08-19,2014-06-13,,432.0,0,1
6108121189,2015-08-19,2015-04-03,2015-04-27,24.0,1,0
9851390076,2015-08-19,2015-07-04,2015-07-24,20.0,1,0
3023340127,2015-08-19,2015-06-14,2015-07-04,20.0,1,0
5476885599,2015-08-19,2014-11-06,,286.0,0,1
1838116247,2015-08-19,2015-03-28,2015-04-13,16.0,1,0
4228136505,2015-08-19,2015-05-22,2015-05-28,6.0,1,0
4881579468,2015-08-19,2015-05-07,,104.0,0,1
1316512614,2015-08-19,2014-08-25,,359.0,0,1
4191686819,2015-08-19,2015-03-19,2015-04-13,25.0,1,0
9923610654,2015-08-19,2015-03-30,2015-04-06,7.0,1,0
8484461796,2015-08-19,2015-05-27,2015-06-09,13.0,1,0
8237091184,2015-08-19,2015-07-23,2015-07-30,7.0,1,0
1801624265,2015-08-19,2015-05-20,,91.0,0,1
3805746294,2015-08-19,2015-07-22,,28.0,0,0
7386434289,2015-08-19,2014-12-24,,238.0,0,1
5213679097,2015-08-19,2015-07-28,,22.0,0,0
4387253723,2015-08-19,2015-07-21,,29.0,0,0
8362192538,2015-08-19,2014-08-07,,377.0,0,1
9523062306,2015-08-19,2015-03-12,,160.0,0,1
2535099359,2015-08-19,2014-05-16,,460.0,0,1
8719891162,2015-08-19,2014-08-14,2014-10-14,61.0,1,1
4716039696,2015-08-19,2015-07-19,2015-08-05,17.0,1,0
8763192932,2015-08-19,2014-08-13,,371.0,0,1
8150642238,2015-08-19,2015-03-29,2015-04-20,22.0,1,0
6207451939,2015-08-19,2015-04-01,2015-04-21,20.0,1,0
8476099889,2015-08-19,2015-03-02,2015-03-20,18.0,1,0
3282108906,2015-08-19,2015-05-16,2015-06-06,21.0,1,0
8171435807,2015-08-19,2015-03-04,,168.0,0,1
6640166679,2015-08-19,2015-07-29,2015-08-13,15.0,1,0
4429479218,2015-08-19,2015-04-12,2015-05-03,21.0,1,0
2412688377,2015-08-19,2015-06-20,,60.0,0,1
5747178338,2015-08-19,2015-02-16,2015-03-09,21.0,1,0
8594242129,2015-08-19,2015-07-25,2015-08-13,19.0,1,0
6617821797,2015-08-19,2015-05-30,2015-06-01,2.0,1,0
3778121349,2015-08-19,2015-05-28,,83.0,0,1
7331238292,2015-08-19,2015-04-27,2015-05-09,12.0,1,0
3331565180,2015-08-19,2015-05-29,2015-06-15,17.0,1,0
6094242225,2015-08-19,2015-07-27,,23.0,0,0
7743920692,2015-08-19,2015-07-02,2015-07-16,14.0,1,0
6430736429,2015-08-19,2015-07-13,2015-07-30,17.0,1,0
5511522687,2015-08-19,2015-03-22,2015-04-04,13.0,1,0
7614759494,2015-08-19,2015-07-19,,31.0,0,1
2662659101,2015-08-19,2014-08-13,,371.0,0,1
6127719079,2015-08-19,2015-05-04,2015-05-06,2.0,1,0
9254134796,2015-08-19,2015-06-21,2015-07-15,24.0,1,0
1661126978,2015-08-19,2015-07-10,2015-07-31,21.0,1,0
4198273826,2015-08-19,2014-11-24,,268.0,0,1
3602567513,2015-08-19,2015-04-26,2015-05-06,10.0,1,0
7493785209,2015-08-19,2015-03-19,2015-04-06,18.0,1,0
9149555649,2015-08-19,2015-02-20,2015-03-06,14.0,1,0
2696051892,2015-08-19,2015-07-19,2015-08-02,14.0,1,0
7289370646,2015-08-19,2015-06-01,2015-06-23,22.0,1,0
4724843699,2015-08-19,2015-07-17,2015-08-07,21.0,1,0
5665931957,2015-08-19,2015-06-16,2015-07-03,17.0,1,0
1782793085,2015-08-19,2015-02-17,2015-02-24,7.0,1,0
2422995126,2015-08-19,2015-03-23,2015-04-21,29.0,1,0
7091985427,2015-08-19,2015-03-31,2015-04-13,13.0,1,0
5868139297,2015-08-19,2014-07-18,2014-08-05,18.0,1,0
8460627016,2015-08-19,2015-03-30,2015-04-14,15.0,1,0
5108315568,2015-08-19,2014-07-30,2014-08-30,31.0,1,1
5126578428,2015-08-19,2015-02-05,2015-02-26,21.0,1,0
3294533408,2015-08-19,2014-09-24,2014-10-10,16.0,1,0
5212256963,2015-08-19,2015-06-19,2015-06-26,7.0,1,0
3201754709,2015-08-19,2015-02-27,2015-03-17,18.0,1,0
1892120669,2015-08-19,2015-06-04,2015-06-26,22.0,1,0
2258471198,2015-08-19,2015-05-06,2015-05-23,17.0,1,0
2724136679,2015-08-19,2015-03-04,2015-03-19,15.0,1,0
5777469792,2015-08-19,2014-09-23,2014-10-14,21.0,1,0
1911454239,2015-08-19,2014-06-01,,444.0,0,1
3640580591,2015-08-19,2015-02-18,2015-03-10,20.0,1,0
1932568661,2015-08-19,2015-07-07,2015-07-21,14.0,1,0
6925828638,2015-08-19,2015-05-24,2015-06-12,19.0,1,0
1104389006,2015-08-19,2015-06-10,2015-07-10,30.0,1,0
2974671365,2015-08-19,2015-03-04,2015-04-21,48.0,1,1
4088430688,2015-08-19,2014-08-08,,376.0,0,1
9517700838,2015-08-19,2015-04-09,,132.0,0,1
6408292681,2015-08-19,2015-06-27,2015-07-18,21.0,1,0
4396948561,2015-08-19,2014-12-03,,259.0,0,1
5809370917,2015-08-19,2015-07-23,,27.0,0,0
1011938779,2015-08-19,2015-03-07,2015-03-11,4.0,1,0
9562149901,2015-08-19,2015-04-24,2015-05-15,21.0,1,0
5537661525,2015-08-19,2015-03-27,2015-04-03,7.0,1,0
1537018341,2015-08-19,2014-08-13,2014-09-20,38.0,1,1
7073326976,2015-08-19,2015-06-02,2015-06-08,6.0,1,0
6825768883,2015-08-19,2015-06-15,2015-07-03,18.0,1,0
8735273100,2015-08-19,2015-06-25,2015-07-16,21.0,1,0
4146622581,2015-08-19,2014-09-10,2014-10-14,34.0,1,1
5064137410,2015-08-19,2015-02-27,2015-03-14,15.0,1,0
3435646267,2015-08-19,2014-09-26,2014-10-17,21.0,1,0
7381703622,2015-08-19,2015-07-04,2015-07-12,8.0,1,0
3525069691,2015-08-19,2015-02-27,,173.0,0,1
4460847262,2015-08-19,2015-07-24,2015-08-07,14.0,1,0
3950963431,2015-08-19,2015-05-07,2015-05-27,20.0,1,0
2133314717,2015-08-19,2015-05-07,2015-05-17,10.0,1,0
3419286937,2015-08-19,2015-06-20,2015-07-17,27.0,1,0
5018829972,2015-08-19,2015-03-30,2015-04-04,5.0,1,0
5004213430,2015-08-19,2015-07-12,2015-08-10,29.0,1,0
1862148446,2015-08-19,2015-05-04,2015-05-25,21.0,1,0
4732601069,2015-08-19,2015-05-12,2015-05-19,7.0,1,0
8278230987,2015-08-19,2015-02-10,2015-03-03,21.0,1,0
8839970497,2015-08-19,2014-10-13,2014-10-25,12.0,1,0
5810007060,2015-08-19,2014-11-28,,264.0,0,1
4337834140,2015-08-19,2015-04-28,2015-05-13,15.0,1,0
5979082957,2015-08-19,2015-07-23,2015-08-06,14.0,1,0
4030617594,2015-08-19,2015-04-02,2015-04-27,25.0,1,0
3082010991,2015-08-19,2015-06-30,2015-07-03,3.0,1,0
6100057929,2015-08-19,2014-06-24,2014-07-14,20.0,1,0
5733285355,2015-08-19,2015-06-15,2015-06-22,7.0,1,0
9900698075,2015-08-19,2015-07-10,2015-07-26,16.0,1,0
9036331394,2015-08-19,2015-05-03,2015-06-25,53.0,1,1
1767540225,2015-08-19,2015-06-04,2015-06-25,21.0,1,0
6034981056,2015-08-19,2015-04-26,2015-04-28,2.0,1,0
1212953829,2015-08-19,2015-02-18,2015-03-04,14.0,1,0
1661102022,2015-08-19,2014-06-16,,429.0,0,1
4194649044,2015-08-19,2015-05-27,2015-06-19,23.0,1,0
9955035119,2015-08-19,2015-02-19,2015-02-26,7.0,1,0
3206224066,2015-08-19,2014-07-30,,385.0,0,1
2847751420,2015-08-19,2015-07-27,,23.0,0,0
8529623453,2015-08-19,2015-06-20,2015-07-11,21.0,1,0
2916310278,2015-08-19,2015-07-12,2015-07-23,11.0,1,0
5875230942,2015-08-19,2014-06-09,,436.0,0,1
7526973171,2015-08-19,2015-04-12,2015-04-27,15.0,1,0
4252440796,2015-08-19,2015-07-19,2015-08-10,22.0,1,0
2636722159,2015-08-19,2015-06-15,2015-06-29,14.0,1,0
8806418646,2015-08-19,2014-08-08,,376.0,0,1
2614224686,2015-08-19,2015-07-26,,24.0,0,0
5346231779,2015-08-19,2014-05-08,2014-05-21,13.0,1,0
1766763696,2015-08-19,2015-02-26,2015-02-28,2.0,1,0
1064638493,2015-08-19,2015-04-19,2015-05-13,24.0,1,0
5560444736,2015-08-19,2015-06-26,,54.0,0,1
1447788669,2015-08-19,2015-04-25,2015-05-08,13.0,1,0
5530713621,2015-08-19,2015-07-09,2015-07-28,19.0,1,0
5517270647,2015-08-19,2014-12-17,,245.0,0,1
1513646713,2015-08-19,2015-05-17,2015-05-25,8.0,1,0
5123229643,2015-08-19,2015-05-08,2015-05-24,16.0,1,0
6572992960,2015-08-19,2015-04-21,2015-04-26,5.0,1,0
9865454850,2015-08-19,2015-05-23,2015-06-07,15.0,1,0
7961003085,2015-08-19,2015-06-23,2015-06-27,4.0,1,0
1287191810,2015-08-19,2015-03-27,2015-04-07,11.0,1,0
5241853297,2015-08-19,2015-03-06,,166.0,0,1
2327560619,2015-08-19,2015-01-17,2015-02-03,17.0,1,0
9003357851,2015-08-19,2015-05-30,2015-06-06,7.0,1,0
4540783923,2015-08-19,2015-07-23,2015-08-14,22.0,1,0
2746795632,2015-08-19,2015-06-10,2015-06-21,11.0,1,0
2750363292,2015-08-19,2015-06-04,2015-06-28,24.0,1,0
8686243541,2015-08-19,2015-05-24,2015-06-14,21.0,1,0
6240263090,2015-08-19,2015-06-27,2015-07-08,11.0,1,0
6581882246,2015-08-19,2015-03-25,2015-03-31,6.0,1,0
2916523599,2015-08-19,2014-09-05,2014-09-30,25.0,1,0
5923715507,2015-08-19,2015-02-07,2015-08-18,192.0,1,1
9656418246,2015-08-19,2015-04-25,2015-05-08,13.0,1,0
2876398156,2015-08-19,2014-11-06,,286.0,0,1
8092607634,2015-08-19,2014-10-14,2014-10-25,11.0,1,0
8540946794,2015-08-19,2015-03-20,2015-04-08,19.0,1,0
6297081953,2015-08-19,2014-08-11,,373.0,0,1
6386601342,2015-08-19,2015-06-01,2015-06-17,16.0,1,0
6666930711,2015-08-19,2015-05-21,2015-06-11,21.0,1,0
8740760572,2015-08-19,2015-05-19,2015-05-27,8.0,1,0
1090396622,2015-08-19,2014-08-21,,363.0,0,1
9478427902,2015-08-19,2015-06-12,2015-06-25,13.0,1,0
7038032168,2015-08-19,2015-06-13,2015-06-29,16.0,1,0
5167938983,2015-08-19,2015-05-07,2015-05-11,4.0,1,0
7372142755,2015-08-19,2015-03-29,2015-04-02,4.0,1,0
2795350446,2015-08-19,2015-02-05,2015-02-25,20.0,1,0
4390479181,2015-08-19,2015-07-15,2015-07-28,13.0,1,0
8379961584,2015-08-19,2015-06-21,2015-06-29,8.0,1,0
1180207250,2015-08-19,2014-11-11,,281.0,0,1
4650748452,2015-08-19,2015-07-16,2015-07-28,12.0,1,0
1963789232,2015-08-19,2015-04-27,,114.0,0,1
9666559145,2015-08-19,2015-05-22,2015-06-12,21.0,1,0
2901782279,2015-08-19,2015-05-02,2015-05-23,21.0,1,0
3200903086,2015-08-19,2015-04-30,,111.0,0,1
1177471131,2015-08-19,2014-08-19,,365.0,0,1
6766803957,2015-08-19,2015-06-29,2015-08-02,34.0,1,1
7691808756,2015-08-19,2015-02-17,,183.0,0,1
5255086303,2015-08-19,2014-10-22,2014-11-05,14.0,1,0
3290581266,2015-08-19,2015-03-07,2015-03-31,24.0,1,0
3939663286,2015-08-19,2014-09-25,2014-10-15,20.0,1,0
5248964653,2015-08-19,2014-11-07,,285.0,0,1
4431726673,2015-08-19,2015-05-28,,83.0,0,1
8425972319,2015-08-19,2014-08-15,,369.0,0,1
5521864872,2015-08-19,2014-07-15,,400.0,0,1
7769459042,2015-08-19,2015-03-26,2015-04-13,18.0,1,0
7803964963,2015-08-19,2015-04-09,2015-04-16,7.0,1,0
4702513294,2015-08-19,2015-07-28,,22.0,0,0
1802377828,2015-08-19,2015-06-18,2015-06-30,12.0,1,0
7336051313,2015-08-19,2015-05-06,2015-05-12,6.0,1,0
9661362272,2015-08-19,2015-04-09,2015-04-17,8.0,1,0
8615494905,2015-08-19,2015-07-17,2015-08-19,33.0,1,1
3390119816,2015-08-19,2015-07-16,2015-07-21,5.0,1,0
2246622383,2015-08-19,2015-07-07,2015-07-29,22.0,1,0
6448249622,2015-08-19,2015-05-29,2015-06-26,28.0,1,0
4908096316,2015-08-19,2015-05-13,2015-06-05,23.0,1,0
1654887836,2015-08-19,2015-02-03,,197.0,0,1
8194919845,2015-08-19,2015-07-04,2015-07-21,17.0,1,0
3431150888,2015-08-19,2015-05-01,2015-05-15,14.0,1,0
3930083269,2015-08-19,2014-05-19,2014-05-27,8.0,1,0
7537202594,2015-08-19,2014-08-29,,355.0,0,1
6348357419,2015-08-19,2015-07-03,2015-07-22,19.0,1,0
9164049071,2015-08-19,2015-06-02,2015-06-10,8.0,1,0
8685630915,2015-08-19,2014-06-25,,420.0,0,1
2121469740,2015-08-19,2015-07-27,2015-08-11,15.0,1,0
9649964299,2015-08-19,2015-04-09,2015-04-27,18.0,1,0
4226607694,2015-08-19,2015-04-01,2015-04-15,14.0,1,0
7062861325,2015-08-19,2015-03-06,2015-03-26,20.0,1,0
2528750026,2015-08-19,2014-05-24,2014-06-04,11.0,1,0
5433168922,2015-08-19,2015-03-03,2015-03-23,20.0,1,0
9360194810,2015-08-19,2015-07-14,2015-07-21,7.0,1,0
3997325567,2015-08-19,2015-07-15,2015-07-31,16.0,1,0
6891187473,2015-08-19,2014-05-13,,463.0,0,1
2583567580,2015-08-19,2015-07-19,2015-07-28,9.0,1,0
9504924784,2015-08-19,2014-07-21,,394.0,0,1
2972009047,2015-08-19,2015-07-22,2015-08-16,25.0,1,0
4609303188,2015-08-19,2015-05-23,2015-05-27,4.0,1,0
9611014004,2015-08-19,2014-11-21,,271.0,0,1
7359680125,2015-08-19,2015-03-06,2015-03-27,21.0,1,0
1931231157,2015-08-19,2015-07-17,2015-07-23,6.0,1,0
2668523412,2015-08-19,2014-07-06,,409.0,0,1
7503162837,2015-08-19,2015-07-16,2015-07-19,3.0,1,0
6604669502,2015-08-19,2015-06-08,2015-06-24,16.0,1,0
6307005446,2015-08-19,2015-07-23,2015-07-30,7.0,1,0
9046729670,2015-08-19,2014-08-27,,357.0,0,1
3422259391,2015-08-19,2014-05-16,2014-06-06,21.0,1,0
6587788348,2015-08-19,2015-06-21,2015-07-10,19.0,1,0
1612135424,2015-08-19,2014-07-24,2014-11-09,108.0,1,1
6848523196,2015-08-19,2015-07-23,,27.0,0,0
4421592908,2015-08-19,2015-06-25,2015-07-16,21.0,1,0
6674177866,2015-08-19,2015-06-17,2015-06-24,7.0,1,0
7959578837,2015-08-19,2015-06-02,2015-06-26,24.0,1,0
5849887456,2015-08-19,2015-05-04,,107.0,0,1
2552675755,2015-08-19,2014-09-26,2014-10-15,19.0,1,0
8128789355,2015-08-19,2014-07-19,,396.0,0,1
7899551322,2015-08-19,2015-06-20,,60.0,0,1
4552401360,2015-08-19,2014-06-11,,434.0,0,1
6288962292,2015-08-19,2015-05-04,2015-05-19,15.0,1,0
7970308274,2015-08-19,2015-05-22,2015-06-05,14.0,1,0
5618080444,2015-08-19,2015-04-24,2015-05-06,12.0,1,0
1838953053,2015-08-19,2015-07-05,2015-07-24,19.0,1,0
9401390636,2015-08-19,2014-07-22,,393.0,0,1
8041467929,2015-08-19,2014-11-03,,289.0,0,1
3583731581,2015-08-19,2015-02-27,2015-03-19,20.0,1,0
7748166377,2015-08-19,2015-07-17,2015-08-08,22.0,1,0
2461249534,2015-08-19,2015-04-17,2015-05-12,25.0,1,0
3110924673,2015-08-19,2014-09-23,,330.0,0,1
3107893674,2015-08-19,2015-05-29,2015-06-08,10.0,1,0
5736208977,2015-08-19,2015-03-28,2015-03-31,3.0,1,0
7762100560,2015-08-19,2015-07-23,2015-08-04,12.0,1,0
4991604311,2015-08-19,2015-06-25,2015-07-12,17.0,1,0
5833760454,2015-08-19,2015-04-22,2015-05-13,21.0,1,0
8720349802,2015-08-19,2015-03-28,2015-04-04,7.0,1,0
5418329969,2015-08-19,2015-07-03,2015-07-11,8.0,1,0
5514618037,2015-08-19,2015-06-08,2015-06-16,8.0,1,0
3955785772,2015-08-19,2015-05-27,2015-06-10,14.0,1,0
8115915015,2015-08-19,2015-07-24,2015-08-18,25.0,1,0
4166295326,2015-08-19,2015-07-21,2015-07-29,8.0,1,0
8948179644,2015-08-19,2015-07-19,2015-08-05,17.0,1,0
8838001754,2015-08-19,2015-07-26,,24.0,0,0
5482790346,2015-08-19,2014-07-20,,395.0,0,1
7134462308,2015-08-19,2015-05-24,,87.0,0,1
1047997155,2015-08-19,2015-03-12,2015-03-25,13.0,1,0
3381094541,2015-08-19,2015-06-29,2015-07-09,10.0,1,0
7258291810,2015-08-19,2015-06-28,2015-07-05,7.0,1,0
4572113844,2015-08-19,2015-07-14,2015-08-02,19.0,1,0
6819782604,2015-08-19,2015-06-14,2015-07-08,24.0,1,0
7054628663,2015-08-19,2015-05-12,2015-06-02,21.0,1,0
3419190754,2015-08-19,2015-06-06,2015-06-26,20.0,1,0
5494244789,2015-08-19,2015-07-14,2015-07-31,17.0,1,0
5134405695,2015-08-19,2015-07-23,2015-07-27,4.0,1,0
7225933812,2015-08-19,2015-03-31,,141.0,0,1
3335172180,2015-08-19,2015-04-09,2015-05-23,44.0,1,1
8341793330,2015-08-19,2015-07-15,2015-07-25,10.0,1,0
8232732829,2015-08-19,2015-07-21,2015-08-18,28.0,1,0
3523225738,2015-08-19,2015-01-13,2015-02-03,21.0,1,0
7850063072,2015-08-19,2015-06-06,2015-06-26,20.0,1,0
5896978842,2015-08-19,2015-03-11,2015-03-31,20.0,1,0
3601132624,2015-08-19,2015-06-11,2015-06-30,19.0,1,0
3833162176,2015-08-19,2015-04-09,2015-04-14,5.0,1,0
4785949170,2015-08-19,2015-07-27,2015-08-17,21.0,1,0
8603630266,2015-08-19,2015-07-05,2015-07-10,5.0,1,0
1084690398,2015-08-19,2015-02-12,2015-02-20,8.0,1,0
6718085882,2015-08-19,2015-03-05,,167.0,0,1
2182911230,2015-08-19,2015-06-29,,51.0,0,1
5610431323,2015-08-19,2015-07-18,2015-08-08,21.0,1,0
3075741637,2015-08-19,2015-02-25,2015-03-13,16.0,1,0
8258117248,2015-08-19,2015-04-24,2015-04-28,4.0,1,0
7272279612,2015-08-19,2015-06-30,,50.0,0,1
4645275853,2015-08-19,2015-04-01,2015-04-10,9.0,1,0
4883971352,2015-08-19,2015-05-11,2015-05-22,11.0,1,0
5284029609,2015-08-19,2015-07-24,2015-08-06,13.0,1,0
4489754615,2015-08-19,2015-03-25,2015-04-10,16.0,1,0
9945630480,2015-08-19,2015-07-22,2015-08-01,10.0,1,0
7962463991,2015-08-19,2015-05-18,2015-06-01,14.0,1,0
9123965963,2015-08-19,2015-04-27,2015-05-19,22.0,1,0
3342477379,2015-08-19,2014-05-07,2014-05-28,21.0,1,0
3804528307,2015-08-19,2015-07-24,,26.0,0,0
7717500506,2015-08-19,2014-08-01,,383.0,0,1
8145138919,2015-08-19,2015-07-14,2015-08-07,24.0,1,0
2136127632,2015-08-19,2015-05-28,2015-06-26,29.0,1,0
8699204874,2015-08-19,2015-06-22,2015-06-29,7.0,1,0
9289420258,2015-08-19,2015-07-23,2015-08-11,19.0,1,0
9767557484,2015-08-19,2015-04-21,2015-05-05,14.0,1,0
5507647821,2015-08-19,2015-07-28,,22.0,0,0
3884829185,2015-08-19,2014-05-15,2014-06-30,46.0,1,1
2954902920,2015-08-19,2015-05-25,,86.0,0,1
2010370470,2015-08-19,2015-05-21,2015-06-04,14.0,1,0
1884909893,2015-08-19,2015-04-22,2015-05-04,12.0,1,0
5281600996,2015-08-19,2015-05-01,2015-05-07,6.0,1,0
8291626998,2015-08-19,2015-02-06,,194.0,0,1
7483594912,2015-08-19,2015-06-11,2015-06-25,14.0,1,0
4733088866,2015-08-19,2015-07-11,2015-07-30,19.0,1,0
7444746096,2015-08-19,2014-07-02,2014-07-23,21.0,1,0
6896652654,2015-08-19,2015-07-24,2015-08-06,13.0,1,0
7547786426,2015-08-19,2015-07-28,,22.0,0,0
3188570699,2015-08-19,2015-04-14,2015-04-24,10.0,1,0
2764011037,2015-08-19,2015-03-23,,149.0,0,1
2606114764,2015-08-19,2015-06-10,2015-06-15,5.0,1,0
2683538279,2015-08-19,2014-07-01,2014-07-14,13.0,1,0
6406939440,2015-08-19,2015-05-11,,100.0,0,1
7445827446,2015-08-19,2015-05-25,2015-05-27,2.0,1,0
7839108662,2015-08-19,2015-02-07,,193.0,0,1
4943128258,2015-08-19,2014-08-18,,366.0,0,1
1557417067,2015-08-19,2015-06-17,2015-06-21,4.0,1,0
3567588210,2015-08-19,2015-03-12,2015-04-02,21.0,1,0
9854161442,2015-08-19,2014-09-26,,327.0,0,1
9981142125,2015-08-19,2015-07-21,2015-08-11,21.0,1,0
9263351105,2015-08-19,2015-03-29,2015-04-15,17.0,1,0
7650974066,2015-08-19,2015-03-04,2015-03-23,19.0,1,0
4058888009,2015-08-19,2015-03-31,2015-04-14,14.0,1,0
8948452846,2015-08-19,2015-01-06,2015-01-31,25.0,1,0
2751143085,2015-08-19,2015-05-04,2015-05-09,5.0,1,0
8210865312,2015-08-19,2015-07-06,2015-07-25,19.0,1,0
4901712280,2015-08-19,2015-03-19,,153.0,0,1
5345006498,2015-08-19,2015-02-17,2015-02-27,10.0,1,0
3394363896,2015-08-19,2015-02-19,,181.0,0,1
7093035860,2015-08-19,2014-10-08,2014-10-18,10.0,1,0
3480756825,2015-08-19,2014-11-18,,274.0,0,1
6356967879,2015-08-19,2015-06-06,2015-06-25,19.0,1,0
3679328472,2015-08-19,2015-02-26,2015-03-17,19.0,1,0
9047422306,2015-08-19,2014-10-24,,299.0,0,1
7083488094,2015-08-19,2015-04-28,2015-05-10,12.0,1,0
5410424023,2015-08-19,2015-02-28,2015-03-06,6.0,1,0
3519636844,2015-08-19,2015-07-27,2015-08-03,7.0,1,0
4902519125,2015-08-19,2015-04-02,2015-05-02,30.0,1,0
4869342318,2015-08-19,2015-07-22,2015-08-12,21.0,1,0
2894538443,2015-08-19,2015-07-01,2015-07-22,21.0,1,0
7044315204,2015-08-19,2015-05-11,2015-06-01,21.0,1,0
1289196041,2015-08-19,2015-02-08,2015-02-27,19.0,1,0
4899445636,2015-08-19,2015-03-28,2015-04-17,20.0,1,0
3933368676,2015-08-19,2015-03-01,,171.0,0,1
7349042414,2015-08-19,2015-04-25,2015-05-14,19.0,1,0
3449899345,2015-08-19,2015-05-16,2015-06-30,45.0,1,1
6219345623,2015-08-19,2014-07-07,,408.0,0,1
8361684012,2015-08-19,2015-06-22,2015-07-16,24.0,1,0
9725100582,2015-08-19,2014-08-11,2014-09-01,21.0,1,0
3278293306,2015-08-19,2014-12-05,,257.0,0,1
2451912502,2015-08-19,2015-06-17,,63.0,0,1
4167056538,2015-08-19,2014-10-21,,302.0,0,1
5571509882,2015-08-19,2015-06-27,2015-07-15,18.0,1,0
2191396226,2015-08-19,2015-03-27,2015-04-11,15.0,1,0
2037137184,2015-08-19,2015-04-13,2015-07-05,83.0,1,1
2535886983,2015-08-19,2015-07-16,2015-07-25,9.0,1,0
5825472282,2015-08-19,2014-08-18,,366.0,0,1
8201813416,2015-08-19,2015-07-14,2015-07-21,7.0,1,0
1704712487,2015-08-19,2015-02-10,2015-02-24,14.0,1,0
1716829174,2015-08-19,2015-02-26,,174.0,0,1
8165102081,2015-08-19,2014-10-13,,310.0,0,1
9927346812,2015-08-19,2015-04-23,2015-05-14,21.0,1,0
6181698436,2015-08-19,2015-05-19,2015-05-25,6.0,1,0
3584380224,2015-08-19,2014-09-09,2014-10-07,28.0,1,0
4212164517,2015-08-19,2015-07-13,2015-07-29,16.0,1,0
3337427873,2015-08-19,2015-07-10,2015-07-28,18.0,1,0
5348003279,2015-08-19,2015-06-05,2015-06-26,21.0,1,0
5936413151,2015-08-19,2015-03-26,2015-04-09,14.0,1,0
3460588992,2015-08-19,2015-05-03,2015-05-04,1.0,1,0
1512836830,2015-08-19,2014-07-22,2014-08-02,11.0,1,0
6060950564,2015-08-19,2015-02-26,2015-03-19,21.0,1,0
4447877474,2015-08-19,2015-07-21,2015-08-14,24.0,1,0
3449728273,2015-08-19,2015-06-01,2015-06-22,21.0,1,0
6124720801,2015-08-19,2015-03-29,2015-04-09,11.0,1,0
1309607936,2015-08-19,2015-03-28,,144.0,0,1
5406406018,2015-08-19,2015-06-06,2015-08-01,56.0,1,1
2609792976,2015-08-19,2015-01-15,,216.0,0,1
8397994357,2015-08-19,2014-07-08,,407.0,0,1
8210123264,2015-08-19,2015-07-24,2015-08-04,11.0,1,0
1672596057,2015-08-19,2014-09-25,,328.0,0,1
1424189176,2015-08-19,2015-05-04,2015-05-27,23.0,1,0
3603689368,2015-08-19,2015-03-03,2015-03-14,11.0,1,0
2235447216,2015-08-19,2015-07-23,2015-08-07,15.0,1,0
4437592008,2015-08-19,2015-05-18,2015-05-29,11.0,1,0
6897561002,2015-08-19,2014-08-21,,363.0,0,1
5095473176,2015-08-19,2015-06-05,2015-06-12,7.0,1,0
7812481370,2015-08-19,2015-07-14,2015-08-17,34.0,1,1
1757809206,2015-08-19,2015-07-23,,27.0,0,0
7210723238,2015-08-19,2015-06-10,2015-06-22,12.0,1,0
3814425270,2015-08-19,2015-07-22,,28.0,0,0
7955562566,2015-08-19,2015-04-12,2015-05-03,21.0,1,0
8082067022,2015-08-19,2014-10-13,2014-10-14,1.0,1,0
3521134186,2015-08-19,2015-03-27,2015-04-03,7.0,1,0
9504846186,2015-08-19,2014-08-18,,366.0,0,1
1307595846,2015-08-19,2015-07-17,,33.0,0,1
7459525133,2015-08-19,2015-04-09,2015-04-27,18.0,1,0
6295166250,2015-08-19,2014-08-06,,378.0,0,1
3149006688,2015-08-19,2015-02-18,2015-02-25,7.0,1,0
7989328264,2015-08-19,2015-06-27,2015-07-19,22.0,1,0
1987351715,2015-08-19,2015-03-04,2015-03-17,13.0,1,0
8345153046,2015-08-19,2015-07-22,2015-08-11,20.0,1,0
6932669121,2015-08-19,2015-07-15,2015-07-22,7.0,1,0
5631408893,2015-08-19,2015-05-01,,110.0,0,1
9448433849,2015-08-19,2015-02-21,,179.0,0,1
4264763102,2015-08-19,2015-03-30,2015-04-01,2.0,1,0
1135111501,2015-08-19,2014-06-24,2014-07-26,32.0,1,1
6456476162,2015-08-19,2014-10-30,,293.0,0,1
9921434346,2015-08-19,2015-06-18,2015-07-01,13.0,1,0
7833101639,2015-08-19,2015-07-09,,41.0,0,1
8141294915,2015-08-19,2014-10-10,2014-10-31,21.0,1,0
6480595561,2015-08-19,2015-05-11,2015-05-31,20.0,1,0
8394030931,2015-08-19,2015-01-17,2015-01-29,12.0,1,0
1635947875,2015-08-19,2015-02-28,2015-03-14,14.0,1,0
6540127756,2015-08-19,2015-07-13,2015-07-23,10.0,1,0
7734209346,2015-08-19,2014-06-13,,432.0,0,1
9545294644,2015-08-19,2014-05-19,2014-06-09,21.0,1,0
5907430016,2015-08-19,2015-05-26,2015-05-31,5.0,1,0
7330824170,2015-08-19,2015-07-17,,33.0,0,1
4476235367,2015-08-19,2015-06-10,2015-06-17,7.0,1,0
4652588050,2015-08-19,2015-02-20,2015-03-13,21.0,1,0
8470817553,2015-08-19,2014-09-01,2014-09-22,21.0,1,0
2105390081,2015-08-19,2015-07-22,2015-08-12,21.0,1,0
6825205022,2015-08-19,2015-07-21,2015-08-11,21.0,1,0
7108459544,2015-08-19,2015-04-16,2015-05-09,23.0,1,0
5051613304,2015-08-19,2015-06-19,,61.0,0,1
3576021824,2015-08-19,2015-07-22,2015-08-11,20.0,1,0
4646477741,2015-08-19,2015-04-16,2015-05-01,15.0,1,0
1066585922,2015-08-19,2015-07-15,,35.0,0,1
5373890168,2015-08-19,2015-03-24,,148.0,0,1
9200350130,2015-08-19,2014-11-20,,272.0,0,1
9228116233,2015-08-19,2015-03-26,2015-04-13,18.0,1,0
2278919539,2015-08-19,2014-10-10,,313.0,0,1
1010631054,2015-08-19,2015-03-03,2015-03-24,21.0,1,0
3759423303,2015-08-19,2015-06-21,2015-07-11,20.0,1,0
7356239267,2015-08-19,2015-04-28,2015-08-15,109.0,1,1
6980434746,2015-08-19,2015-05-16,2015-06-06,21.0,1,0
4345724251,2015-08-19,2014-05-24,,452.0,0,1
3379597805,2015-08-19,2015-07-24,2015-07-29,5.0,1,0
5801463353,2015-08-19,2015-05-13,2015-06-03,21.0,1,0
3116973938,2015-08-19,2015-07-28,2015-08-14,17.0,1,0
1907063151,2015-08-19,2015-07-17,2015-07-21,4.0,1,0
8466486442,2015-08-19,2015-06-21,2015-07-12,21.0,1,0
2158215982,2015-08-19,2015-07-07,2015-07-18,11.0,1,0
1532148947,2015-08-19,2015-03-12,2015-03-25,13.0,1,0
4974853726,2015-08-19,2015-06-02,2015-06-12,10.0,1,0
3096445519,2015-08-19,2015-06-17,2015-07-17,30.0,1,0
8994467797,2015-08-19,2014-06-14,,431.0,0,1
4032452127,2015-08-19,2015-07-18,2015-07-24,6.0,1,0
8406400743,2015-08-19,2014-08-20,,364.0,0,1
9578209515,2015-08-19,2015-02-23,2015-03-11,16.0,1,0
3751323480,2015-08-19,2015-07-15,2015-08-04,20.0,1,0
5958664143,2015-08-19,2014-06-03,,442.0,0,1
2693128770,2015-08-19,2014-10-09,,314.0,0,1
9881053673,2015-08-19,2015-01-29,2015-02-15,17.0,1,0
6386473095,2015-08-19,2014-06-15,2014-07-01,16.0,1,0
8357321273,2015-08-19,2015-02-26,2015-03-11,13.0,1,0
5468470748,2015-08-19,2014-12-15,,247.0,0,1
1295557792,2015-08-19,2015-04-22,2015-05-11,19.0,1,0
4613150895,2015-08-19,2015-06-17,2015-07-07,20.0,1,0
2269998618,2015-08-19,2015-06-26,2015-07-16,20.0,1,0
2046310222,2015-08-19,2015-01-29,2015-02-14,16.0,1,0
6298599815,2015-08-19,2015-07-15,2015-07-24,9.0,1,0
6975724414,2015-08-19,2015-05-21,2015-06-06,16.0,1,0
2772007373,2015-08-19,2015-07-27,,23.0,0,0
9792719672,2015-08-19,2015-06-07,2015-06-18,11.0,1,0
2974664625,2015-08-19,2015-06-03,2015-06-08,5.0,1,0
7269987518,2015-08-19,2015-03-03,2015-03-26,23.0,1,0
9137438176,2015-08-19,2015-03-28,2015-04-18,21.0,1,0
1433787755,2015-08-19,2015-07-15,,35.0,0,1
4954349033,2015-08-19,2015-07-23,,27.0,0,0
1440291623,2015-08-19,2015-03-26,,146.0,0,1
5253564370,2015-08-19,2015-05-26,,85.0,0,1
5334896838,2015-08-19,2014-04-15,2014-06-09,55.0,1,1
9714859999,2015-08-19,2015-07-21,2015-08-10,20.0,1,0
1537358892,2015-08-19,2015-04-18,2015-05-04,16.0,1,0
2017422091,2015-08-19,2015-06-22,2015-06-25,3.0,1,0
3457818790,2015-08-19,2015-06-13,2015-07-02,19.0,1,0
2300851247,2015-08-19,2015-06-16,2015-07-09,23.0,1,0
1892163498,2015-08-19,2014-06-16,,429.0,0,1
8195370829,2015-08-19,2015-06-28,2015-07-12,14.0,1,0
1229057799,2015-08-19,2015-03-24,2015-04-06,13.0,1,0
3307407390,2015-08-19,2015-02-09,,191.0,0,1
4540051772,2015-08-19,2015-03-29,2015-04-02,4.0,1,0
9477378963,2015-08-19,2014-11-14,,278.0,0,1
5732259298,2015-08-19,2015-04-20,,121.0,0,1
8315543219,2015-08-19,2015-02-18,2015-03-10,20.0,1,0
8451978998,2015-08-19,2015-07-09,2015-07-14,5.0,1,0
6724414152,2015-08-19,2015-03-25,2015-04-21,27.0,1,0
4094268919,2015-08-19,2015-07-18,2015-07-24,6.0,1,0
5783698569,2015-08-19,2015-02-15,2015-03-05,18.0,1,0
1581673854,2015-08-19,2015-06-24,2015-07-11,17.0,1,0
1121771521,2015-08-19,2015-06-23,2015-07-09,16.0,1,0
2516578297,2015-08-19,2015-07-15,2015-07-22,7.0,1,0
9566466816,2015-08-19,2015-06-22,2015-07-02,10.0,1,0
4050513050,2015-08-19,2015-03-17,2015-03-30,13.0,1,0
5495666685,2015-08-19,2015-04-01,2015-04-21,20.0,1,0
7278699629,2015-08-19,2015-04-19,,122.0,0,1
5523890760,2015-08-19,2015-05-30,,81.0,0,1
1707284761,2015-08-19,2015-07-12,,38.0,0,1
4078124092,2015-08-19,2015-07-13,2015-07-28,15.0,1,0
1464733109,2015-08-19,2015-07-15,2015-07-24,9.0,1,0
1174725935,2015-08-19,2015-07-28,2015-08-18,21.0,1,0
4105742558,2015-08-19,2014-07-06,2014-07-24,18.0,1,0
7875034267,2015-08-19,2015-04-10,2015-04-10,0.0,1,0
4336726880,2015-08-19,2015-06-03,2015-06-16,13.0,1,0
5517830861,2015-08-19,2015-06-02,2015-06-08,6.0,1,0
2455988976,2015-08-19,2015-05-22,2015-05-26,4.0,1,0
1649825327,2015-08-19,2015-07-23,2015-07-29,6.0,1,0
2647495124,2015-08-19,2015-06-27,,53.0,0,1
7907830040,2015-08-19,2015-07-16,2015-08-01,16.0,1,0
1810141165,2015-08-19,2015-07-27,,23.0,0,0
5626937841,2015-08-19,2015-07-11,2015-07-18,7.0,1,0
7312055154,2015-08-19,2015-07-24,2015-08-02,9.0,1,0
7573861449,2015-08-19,2015-02-06,2015-02-27,21.0,1,0
4473052530,2015-08-19,2015-07-28,,22.0,0,0
7589645523,2015-08-19,2015-07-24,2015-07-31,7.0,1,0
9386396081,2015-08-19,2015-06-26,2015-07-07,11.0,1,0
6461406501,2015-08-19,2014-11-04,,288.0,0,1
3341030922,2015-08-19,2015-07-24,2015-08-12,19.0,1,0
8098697604,2015-08-19,2015-04-10,2015-06-22,73.0,1,1
5555593102,2015-08-19,2015-05-06,2015-05-21,15.0,1,0
4578202269,2015-08-19,2015-05-11,2015-05-20,9.0,1,0
1983538252,2015-08-19,2014-08-30,2014-09-17,18.0,1,0
1361970426,2015-08-19,2015-05-12,2015-05-19,7.0,1,0
3913744037,2015-08-19,2015-06-05,2015-06-10,5.0,1,0
6972053524,2015-08-19,2015-07-27,,23.0,0,0
5579357593,2015-08-19,2015-07-24,,26.0,0,0
6059655032,2015-08-19,2015-07-22,2015-07-29,7.0,1,0
2515000128,2015-08-19,2014-09-19,2014-10-02,13.0,1,0
4421733789,2015-08-19,2014-08-07,,377.0,0,1
7659385387,2015-08-19,2015-03-29,2015-04-01,3.0,1,0
6680195461,2015-08-19,2015-04-09,,132.0,0,1
9821765598,2015-08-19,2014-11-28,2014-12-17,19.0,1,0
8845067238,2015-08-19,2014-10-02,2014-10-15,13.0,1,0
1048099395,2015-08-19,2015-04-01,,140.0,0,1
6851045436,2015-08-19,2015-06-24,2015-07-14,20.0,1,0
6551180719,2015-08-19,2014-06-10,,435.0,0,1
3577835738,2015-08-19,2014-08-15,,369.0,0,1
3427309387,2015-08-19,2015-04-10,2015-04-14,4.0,1,0
2990471607,2015-08-19,2015-07-26,2015-08-17,22.0,1,0
4712104880,2015-08-19,2015-06-24,,56.0,0,1
4498792920,2015-08-19,2015-03-11,,161.0,0,1
7232432889,2015-08-19,2015-07-23,2015-08-07,15.0,1,0
2830334836,2015-08-19,2014-08-23,2014-09-11,19.0,1,0
1910843118,2015-08-19,2015-04-14,2015-05-19,35.0,1,1
5445931408,2015-08-19,2015-03-28,2015-03-29,1.0,1,0
7333394289,2015-08-19,2015-05-21,2015-05-30,9.0,1,0
5695084415,2015-08-19,2015-06-06,2015-06-11,5.0,1,0
3940996743,2015-08-19,2015-06-24,2015-07-11,17.0,1,0
4497326671,2015-08-19,2015-06-07,2015-06-30,23.0,1,0
6371585770,2015-08-19,2015-05-08,,103.0,0,1
3535424654,2015-08-19,2015-03-26,,146.0,0,1
7526661511,2015-08-19,2015-07-20,2015-07-30,10.0,1,0
8239972608,2015-08-19,2015-06-18,2015-06-22,4.0,1,0
8812837743,2015-08-19,2015-03-27,2015-04-15,19.0,1,0
3902245778,2015-08-19,2015-06-30,2015-07-14,14.0,1,0
8887062843,2015-08-19,2015-03-28,2015-04-01,4.0,1,0
3298734294,2015-08-19,2015-06-05,2015-06-27,22.0,1,0
5340508208,2015-08-19,2015-05-08,2015-05-13,5.0,1,0
8521033508,2015-08-19,2014-05-22,2014-06-03,12.0,1,0
7936361384,2015-08-19,2015-05-25,2015-06-09,15.0,1,0
5709904884,2015-08-19,2015-06-15,2015-06-20,5.0,1,0
9516909367,2015-08-19,2014-11-28,,264.0,0,1
3030876671,2015-08-19,2015-06-21,,59.0,0,1
1023186466,2015-08-19,2015-02-17,2015-04-08,50.0,1,1
7777626093,2015-08-19,2014-07-29,,386.0,0,1
5309412184,2015-08-19,2014-10-22,,301.0,0,1
5755633864,2015-08-19,2015-07-18,,32.0,0,1
5585643436,2015-08-19,2014-05-04,2014-05-23,19.0,1,0
6488838004,2015-08-19,2015-04-01,2015-04-13,12.0,1,0
8485736177,2015-08-19,2015-02-18,,182.0,0,1
2003490834,2015-08-19,2015-06-25,2015-07-16,21.0,1,0
3757970868,2015-08-19,2014-06-03,,442.0,0,1
1975138991,2015-08-19,2015-06-02,2015-07-11,39.0,1,1
6133370972,2015-08-19,2014-08-12,2014-09-02,21.0,1,0
8931300972,2015-08-19,2015-03-26,2015-04-07,12.0,1,0
1798185475,2015-08-19,2015-03-26,,146.0,0,1
7102879153,2015-08-19,2015-04-01,,140.0,0,1
5941788941,2015-08-19,2015-06-20,,60.0,0,1
1546979501,2015-08-19,2015-04-09,2015-04-22,13.0,1,0
8634797091,2015-08-19,2015-05-28,2015-06-04,7.0,1,0
4587521056,2015-08-19,2015-07-21,2015-07-27,6.0,1,0
8143481783,2015-08-19,2015-03-28,,144.0,0,1
5371237857,2015-08-19,2015-05-20,2015-06-03,14.0,1,0
5381855882,2015-08-19,2015-05-22,2015-06-12,21.0,1,0
7823111794,2015-08-19,2015-07-16,2015-07-21,5.0,1,0
4950043625,2015-08-19,2014-07-21,,394.0,0,1
3985669270,2015-08-19,2015-05-24,2015-06-14,21.0,1,0
6366858080,2015-08-19,2015-05-08,,103.0,0,1
3631351360,2015-08-19,2015-04-12,2015-05-04,22.0,1,0
3899747029,2015-08-19,2015-06-23,2015-06-30,7.0,1,0
2876643470,2015-08-19,2015-01-29,,202.0,0,1
9789281998,2015-08-19,2015-01-12,2015-02-02,21.0,1,0
1800018025,2015-08-19,2015-06-19,2015-07-03,14.0,1,0
1586610549,2015-08-19,2015-05-28,2015-06-13,16.0,1,0
1283470047,2015-08-19,2015-05-21,2015-06-07,17.0,1,0
2048939339,2015-08-19,2015-02-26,2015-03-20,22.0,1,0
6053141354,2015-08-19,2015-06-21,2015-08-19,59.0,1,1
9229511691,2015-08-19,2014-11-29,,263.0,0,1
6374108329,2015-08-19,2015-03-28,2015-04-18,21.0,1,0
4017268696,2015-08-19,2014-05-03,2014-06-14,42.0,1,1
4350866554,2015-08-19,2015-06-06,2015-06-13,7.0,1,0
1181013496,2015-08-19,2015-04-02,2015-04-09,7.0,1,0
1647229846,2015-08-19,2015-04-24,2015-05-09,15.0,1,0
6127043037,2015-08-19,2015-06-19,2015-07-09,20.0,1,0
9317300927,2015-08-19,2015-07-16,,34.0,0,1
3388645937,2015-08-19,2015-06-17,2015-07-08,21.0,1,0
6887884618,2015-08-19,2015-01-14,2015-02-04,21.0,1,0
1096962239,2015-08-19,2014-07-19,,396.0,0,1
3260671459,2015-08-19,2015-03-20,,152.0,0,1
2063379792,2015-08-19,2014-08-13,2014-10-08,56.0,1,1
2381042959,2015-08-19,2014-08-07,2014-08-29,22.0,1,0
5527448981,2015-08-19,2015-06-02,2015-06-23,21.0,1,0
9467238896,2015-08-19,2015-03-29,2015-04-13,15.0,1,0
9972724218,2015-08-19,2015-05-02,2015-05-14,12.0,1,0
6240051417,2015-08-19,2015-03-31,,141.0,0,1
7079410217,2015-08-19,2015-06-25,2015-07-13,18.0,1,0
9308939887,2015-08-19,2015-02-08,2015-03-01,21.0,1,0
1512042465,2015-08-19,2015-04-14,,127.0,0,1
6490017335,2015-08-19,2015-07-27,,23.0,0,0
7540101434,2015-08-19,2014-07-16,2014-08-03,18.0,1,0
7152353641,2015-08-19,2014-09-20,2014-10-05,15.0,1,0
6149299222,2015-08-19,2014-12-11,,251.0,0,1
5080754334,2015-08-19,2015-06-09,2015-06-30,21.0,1,0
5647000446,2015-08-19,2014-10-22,2014-10-29,7.0,1,0
1315659637,2015-08-19,2015-05-01,,110.0,0,1
9553513134,2015-08-19,2014-09-15,,338.0,0,1
2534163140,2015-08-19,2015-06-27,2015-07-25,28.0,1,0
5534019509,2015-08-19,2014-08-31,2014-09-17,17.0,1,0
4202412536,2015-08-19,2015-07-27,2015-08-04,8.0,1,0
7469550321,2015-08-19,2015-06-25,2015-07-13,18.0,1,0
3967732927,2015-08-19,2014-05-21,,455.0,0,1
7814589083,2015-08-19,2015-05-11,2015-05-26,15.0,1,0
1959560917,2015-08-19,2015-05-25,2015-06-08,14.0,1,0
9757571386,2015-08-19,2015-05-21,2015-05-29,8.0,1,0
7801042321,2015-08-19,2014-08-09,2014-08-29,20.0,1,0
3555490492,2015-08-19,2015-01-28,,203.0,0,1
9896789006,2015-08-19,2014-12-20,,242.0,0,1
7867185883,2015-08-19,2015-03-10,,162.0,0,1
4966440067,2015-08-19,2014-07-28,,387.0,0,1
7234829584,2015-08-19,2014-08-20,,364.0,0,1
4178348652,2015-08-19,2015-07-20,2015-07-27,7.0,1,0
7664147584,2015-08-19,2014-09-23,2014-10-02,9.0,1,0
9465714466,2015-08-19,2015-03-30,2015-04-01,2.0,1,0
3753586759,2015-08-19,2014-12-06,,256.0,0,1
4883399518,2015-08-19,2015-04-02,2015-04-03,1.0,1,0
1482204423,2015-08-19,2014-07-13,,402.0,0,1
9442171425,2015-08-19,2015-06-04,2015-06-16,12.0,1,0
1957977001,2015-08-19,2014-08-25,,359.0,0,1
1909028856,2015-08-19,2015-04-14,2015-04-15,1.0,1,0
8600102728,2015-08-19,2015-07-04,2015-07-15,11.0,1,0
6025279345,2015-08-19,2015-03-24,2015-04-09,16.0,1,0
3391915571,2015-08-19,2015-05-22,2015-05-28,6.0,1,0
8751507835,2015-08-19,2014-11-03,,289.0,0,1
7546148851,2015-08-19,2015-05-13,2015-06-03,21.0,1,0
5339810676,2015-08-19,2015-07-11,2015-07-14,3.0,1,0
1584290807,2015-08-19,2015-03-08,2015-03-29,21.0,1,0
3620626456,2015-08-19,2014-05-27,,449.0,0,1
7377428334,2015-08-19,2015-04-26,2015-05-17,21.0,1,0
9583895012,2015-08-19,2015-07-19,2015-07-30,11.0,1,0
7222539877,2015-08-19,2015-04-16,2015-04-28,12.0,1,0
6525704875,2015-08-19,2014-10-22,2014-11-17,26.0,1,0
4656510627,2015-08-19,2015-03-29,,143.0,0,1
8296490133,2015-08-19,2014-08-29,,355.0,0,1
7425803316,2015-08-19,2015-06-02,2015-06-23,21.0,1,0
3929235228,2015-08-19,2014-07-22,2014-08-12,21.0,1,0
6013334660,2015-08-19,2015-05-22,2015-06-01,10.0,1,0
3937976240,2015-08-19,2015-07-10,2015-07-29,19.0,1,0
6774434683,2015-08-19,2015-02-07,,193.0,0,1
9019460943,2015-08-19,2015-03-24,2015-03-31,7.0,1,0
1459514671,2015-08-19,2014-10-01,,322.0,0,1
2610695629,2015-08-19,2015-06-11,2015-06-19,8.0,1,0
8519412104,2015-08-19,2015-04-14,2015-05-05,21.0,1,0
8880381815,2015-08-19,2015-06-04,2015-06-23,19.0,1,0
3276893093,2015-08-19,2015-06-22,2015-06-29,7.0,1,0
7337409978,2015-08-19,2015-04-02,2015-04-20,18.0,1,0
2524200246,2015-08-19,2014-08-01,2014-08-20,19.0,1,0
2956620293,2015-08-19,2015-05-26,,85.0,0,1
6834166012,2015-08-19,2015-03-06,,166.0,0,1
8449258035,2015-08-19,2014-05-02,2014-05-22,20.0,1,0
1341618714,2015-08-19,2014-05-08,,468.0,0,1
2487119472,2015-08-19,2015-03-24,2015-04-13,20.0,1,0
6690203041,2015-08-19,2015-02-20,,180.0,0,1
3263728602,2015-08-19,2015-04-03,2015-04-17,14.0,1,0
7284641061,2015-08-19,2014-08-21,2014-09-25,35.0,1,1
2001759865,2015-08-19,2015-05-01,2015-06-02,32.0,1,1
5958277187,2015-08-19,2015-04-16,2015-05-09,23.0,1,0
5955541479,2015-08-19,2015-03-06,2015-03-26,20.0,1,0
7780990687,2015-08-19,2014-07-16,,399.0,0,1
3413480258,2015-08-19,2015-02-18,,182.0,0,1
2172723080,2015-08-19,2015-06-22,2015-07-20,28.0,1,0
5275535713,2015-08-19,2015-03-31,2015-04-14,14.0,1,0
2257223953,2015-08-19,2015-06-03,2015-06-20,17.0,1,0
2673538543,2015-08-19,2014-08-11,2014-08-29,18.0,1,0
6130454619,2015-08-19,2014-08-30,2014-09-28,29.0,1,0
1832279919,2015-08-19,2014-11-13,2014-12-08,25.0,1,0
5489995289,2015-08-19,2015-03-24,2015-04-09,16.0,1,0
1810034989,2015-08-19,2015-05-29,2015-06-19,21.0,1,0
9588203897,2015-08-19,2015-04-03,2015-04-10,7.0,1,0
7958178899,2015-08-19,2014-11-28,,264.0,0,1
3006045400,2015-08-19,2015-06-13,,67.0,0,1
4664935120,2015-08-19,2015-07-14,2015-07-23,9.0,1,0
6527431008,2015-08-19,2015-04-25,2015-05-13,18.0,1,0
1628091660,2015-08-19,2015-07-16,2015-08-10,25.0,1,0
8548843141,2015-08-19,2014-04-11,2014-04-10,-1.0,1,0
4368145247,2015-08-19,2015-07-26,,24.0,0,0
2772992716,2015-08-19,2015-06-22,,58.0,0,1
3962836465,2015-08-19,2015-04-12,2015-04-30,18.0,1,0
5773051173,2015-08-19,2015-06-10,2015-06-24,14.0,1,0
7555552124,2015-08-19,2015-01-08,2015-01-28,20.0,1,0
1868497628,2015-08-19,2014-11-12,2014-11-25,13.0,1,0
2623733104,2015-08-19,2015-04-25,2015-05-05,10.0,1,0
2283557917,2015-08-19,2014-05-02,2014-05-07,5.0,1,0
7357826278,2015-08-19,2014-05-15,2014-06-06,22.0,1,0
9377789718,2015-08-19,2014-11-28,,264.0,0,1
9845828614,2015-08-19,2015-06-11,2015-06-18,7.0,1,0
8707691098,2015-08-19,2015-07-27,,23.0,0,0
4883396224,2015-08-19,2015-07-18,2015-07-22,4.0,1,0
5494601411,2015-08-19,2015-05-29,2015-06-12,14.0,1,0
1107199557,2015-08-19,2015-05-02,2015-05-26,24.0,1,0
5413136059,2015-08-19,2015-07-16,2015-07-22,6.0,1,0
1557058434,2015-08-19,2015-03-03,2015-03-18,15.0,1,0
6171176971,2015-08-19,2015-07-27,2015-08-09,13.0,1,0
6754950264,2015-08-19,2014-12-16,2014-12-23,7.0,1,0
2201817874,2015-08-19,2015-05-11,2015-06-06,26.0,1,0
9236601044,2015-08-19,2014-08-02,,382.0,0,1
7336338975,2015-08-19,2015-05-30,2015-06-05,6.0,1,0
6964827365,2015-08-19,2015-03-27,2015-04-01,5.0,1,0
5916800459,2015-08-19,2014-10-06,,317.0,0,1
4042481303,2015-08-19,2014-08-02,,382.0,0,1
3995102460,2015-08-19,2014-06-13,2014-07-04,21.0,1,0
6504272298,2015-08-19,2015-07-28,2015-08-05,8.0,1,0
3119988297,2015-08-19,2015-06-11,2015-06-27,16.0,1,0
3537152988,2015-08-19,2015-07-07,,43.0,0,1
5638293141,2015-08-19,2014-09-06,,347.0,0,1
6845264174,2015-08-19,2014-09-10,,343.0,0,1
4004233755,2015-08-19,2015-03-28,2015-04-18,21.0,1,0
2736962869,2015-08-19,2015-06-24,2015-07-06,12.0,1,0
5729162586,2015-08-19,2015-05-25,2015-06-09,15.0,1,0
4884216169,2015-08-19,2015-03-26,2015-04-02,7.0,1,0
1415981696,2015-08-19,2015-07-13,2015-08-05,23.0,1,0
8677322348,2015-08-19,2014-07-13,2014-08-02,20.0,1,0
3174864023,2015-08-19,2014-12-16,2015-01-03,18.0,1,0
9568664366,2015-08-19,2015-03-25,2015-04-17,23.0,1,0
6425890823,2015-08-19,2015-05-29,2015-06-19,21.0,1,0
8419449580,2015-08-19,2015-06-25,2015-07-16,21.0,1,0
4530705086,2015-08-19,2014-07-14,,401.0,0,1
7161900629,2015-08-19,2015-07-29,,21.0,0,0
9448842124,2015-08-19,2015-07-18,2015-08-08,21.0,1,0
